timestamp,username,volume,index
2023-09-15 13:59:28,perf_dnd_05,16340022,devprod-4dbtbchsfvufu2u0v9ueep-mkg_document_store-ccgf-contentv2
2023-09-15 13:59:39,perf_dnd_07,14992556,devprod-gwhhiuucfmzizbcllf8ser-mkg_document_store-ccgf-contentv2
2023-09-15 13:59:49,perf_dnd_08,13028207,devprod-9if8wkwhspzfbov30j0uc1-mkg_document_store-ccgf-contentv2
2023-09-15 14:00:03,perf_dnd_09,26065149,devprod-hm9iyez4jwvhxxpqan3tez-mkg_document_store-ccgf-contentv2
2023-09-15 14:00:15,perf_dnd_10,11434985,devprod-htdeawm6j6zko8dxpinxui-mkg_document_store-ccgf-contentv2
2023-09-15 14:00:24,perf_dnd_23,11320004,devprod-4oscorgez2dfmavmhlsuew-mkg_document_store-ccgf-contentv2
2023-09-15 14:00:32,perf_dnd_25,10147460,devprod-2vor4tyhoqqj4oceyihsw7-mkg_document_store-ccgf-contentv2
2023-09-15 14:00:41,perf_dnd_26,11234106,devprod-cubqil0loocly97y1qchke-mkg_document_store-ccgf-contentv2
2023-09-15 14:00:50,perf_dnd_31,10151561,devprod-38ondijwnobflzqqn9lf4v-mkg_document_store-ccgf-contentv2
2023-09-15 14:00:59,perf_dnd_34,10480755,devprod-9ifac2uebgsehvv1quz1ek-mkg_document_store-ccgf-contentv2
2023-09-15 14:01:09,perf_dnd_40,15167253,devprod-1hgspnwbj1dejrxhntgokq-mkg_document_store-ccgf-contentv2
2023-09-15 14:01:19,perf_dnd_46,11712940,devprod-1anfxa0ffuie5w8ldg76qe-mkg_document_store-ccgf-contentv2
2023-09-15 14:01:28,perf_dnd_47,5500895,devprod-dsdirt6jaa4kllt8pdupmm-mkg_document_store-ccgf-contentv2
2023-09-15 14:01:34,perf_dnd_50,6330873,devprod-73d7axxc9kpdlvhr2r2gci-mkg_document_store-ccgf-contentv2
2023-09-15 14:01:42,perf_dnd_51,12000535,devprod-55brijou3apb9qzr8uf3ke-mkg_document_store-ccgf-contentv2
2023-09-15 14:01:52,perf_dnd_52,14008274,devprod-d6ngqmywns3lv5jc3qed8t-mkg_document_store-ccgf-contentv2
2023-09-15 14:01:59,perf_dnd_53,705713,devprod-fwx8wrlhzqfbr5rcm5apgz-mkg_document_store-ccgf-contentv2
2023-09-15 14:02:04,perf_dnd_54,1885407,devprod-8gpqsem8qodlf4fcf8tfsy-mkg_document_store-ccgf-contentv2
2023-09-15 14:02:09,perf_dnd_55,5373192,devprod-3h3vacree2sgizgcrsfwqa-mkg_document_store-ccgf-contentv2
2023-09-15 14:02:15,perf_dnd_56,4991038,devprod-3xfbfnzr1mpdqkqgrog8ey-mkg_document_store-ccgf-contentv2
2023-09-15 14:02:21,perf_dnd_57,4347440,devprod-9aldw0sl4uzdsazh8erda0-mkg_document_store-ccgf-contentv2
2023-09-15 14:02:27,perf_dnd_58,4887786,devprod-jving2jqrqgdwa7gnlpww5-mkg_document_store-ccgf-contentv2
2023-09-15 14:02:33,perf_dnd_61,7017314,devprod-a1nzzla6evglipifvjfsio-mkg_document_store-ccgf-contentv2
2023-09-15 14:02:40,perf_dnd_62,7166502,devprod-2uccgonzgscd7oh81htkeh-mkg_document_store-ccgf-contentv2
2023-09-15 14:02:48,perf_dnd_63,6902607,devprod-7qttqpijdp5ejbfkyhori6-mkg_document_store-ccgf-contentv2
2023-09-15 14:02:55,perf_dnd_66,3214311,devprod-3gnqcftexbnjneyhbsv6w6-mkg_document_store-ccgf-contentv2
2023-09-15 14:03:01,perf_dnd_67,5266276,devprod-9hka66lf8b9ex2fzrqq9s8-mkg_document_store-ccgf-contentv2
2023-09-15 14:03:07,perf_dnd_68,2998592,devprod-3ypjgbljeekgm0ukit8omx-mkg_document_store-ccgf-contentv2
2023-09-15 14:03:13,perf_dnd_69,5526899,devprod-apegrwijwuzgjfhiibreep-mkg_document_store-ccgf-contentv2
2023-09-15 14:03:19,perf_dnd_70,4694495,devprod-5kakdsnmbx3bbv6lwhgvcf-mkg_document_store-ccgf-contentv2
2023-09-15 14:03:25,perf_dnd_73,5898138,devprod-4eofzocna58egqn1qwlsm4-mkg_document_store-ccgf-contentv2
2023-09-15 14:03:31,perf_dnd_74,5575086,devprod-gir8vxuriupcrxixwvvjit-mkg_document_store-ccgf-contentv2
2023-09-15 14:03:37,perf_dnd_75,5719124,devprod-5tkiz9x3smacl1ibeyvsyw-mkg_document_store-ccgf-contentv2
2023-09-15 14:03:42,perf_dnd_76,5729834,devprod-5avhkn82iaiivni1bi6h0y-mkg_document_store-ccgf-contentv2
2023-09-15 14:03:48,perf_dnd_77,4399859,devprod-3luq3wvlisnfh1dwzlhtey-mkg_document_store-ccgf-contentv2
2023-09-15 14:03:53,perf_dnd_78,1731512,devprod-728xu7obbelklcreqkzvwi-mkg_document_store-ccgf-contentv2
2023-09-15 14:03:57,perf_dnd_79,1831932,devprod-3jn9lmwgxxpfjnnx0zwlgn-mkg_document_store-ccgf-contentv2
2023-09-15 14:04:01,perf_dnd_80,2035835,devprod-8co0qdj0uexceasuzyfoob-mkg_document_store-ccgf-contentv2
2023-09-15 14:04:06,perf_dnd_july_01,4304341,devprod-hhamqwrvucjbgk4bekldg9-mkg_document_store-ccgf-contentv2
2023-09-15 14:04:14,perf_dnd_july_02,7512914,devprod-lgnby6mfu0vjk7rjzgmjw3-mkg_document_store-ccgf-contentv2
2023-09-15 14:04:21,perf_dnd_july_03,10128511,devprod-j9qtdnrqcw4gjwdci9uqsg-mkg_document_store-ccgf-contentv2
2023-09-15 14:04:29,perf_dnd_july_04,6605972,devprod-457jfaqu9ific7a3egysu7-mkg_document_store-ccgf-contentv2
2023-09-15 14:04:36,perf_dnd_july_05,6869147,devprod-1pubazonosacldy68cbdqb-mkg_document_store-ccgf-contentv2
2023-09-15 14:04:42,perf_dnd_july_06,6768334,devprod-8qlcb89hc4per8zerm2n0t-mkg_document_store-ccgf-contentv2
2023-09-15 14:04:51,perf_dnd_july_07,17134986,devprod-3bwt0ycyf89lnzel4iqfkd-mkg_document_store-ccgf-contentv2
2023-09-15 14:05:01,perf_dnd_july_08,6358069,devprod-fxgpbc6gxk7dezqugzdysa-mkg_document_store-ccgf-contentv2
2023-09-15 14:05:08,perf_dnd_july_09,6917747,devprod-35ke7sncyidlpzofxb2tsb-mkg_document_store-ccgf-contentv2
2023-09-15 14:05:15,perf_dnd_july_10,5287314,devprod-6oaqblhnv3udymq7cgoouv-mkg_document_store-ccgf-contentv2
2023-09-15 14:05:21,perf_dnd_july_11,6920348,devprod-j8ieuovcok6l8d3umyujoz-mkg_document_store-ccgf-contentv2
2023-09-15 14:05:27,perf_dnd_july_12,2392088,devprod-4alt8kps3szjk3eajwemgv-mkg_document_store-ccgf-contentv2
2023-09-15 14:05:32,perf_dnd_july_13,2442904,devprod-9uulgqq2nkzibmuiafc2ge-mkg_document_store-ccgf-contentv2