TenantId,Objects,Relationship
"02Jun-Search-CD",null,null
"17aug_Claire_Provisioning_Validation1",null,null
"25Jan_Model_CD",null,null
25Jan_mkg_orchestration_cd,null,null
"25Jan_tenant",null,null
DataDestructionAugust,null,null
"JUNE_GA_BKP_TENANT_1",null,null
"MKG_DEVPROD_2023",null,null
"PlatformQe_claire_resource_deprov_test",null,null
"Search_June2023_CD",null,null
"cd_cdgc_003",null,null
"platformQE_16Aug01",null,null
"plt_test_upgrade01",null,null
"16Sep_ScannerQE_01",10,9
"16Sep_ScannerQE_02",10,9
"2023.09_Regression",10,9
"MDP_369_Prov_Fix_Test_Tenant1",10,9
"MDP_369_Prov_Fix_Test_Tenant2",10,9
"PlatformQE_Metering_10",10,9
"Virat Kohli",10,9
"cdgc_ui_app_ci",10,9
"cron_jobs_fix_test",10,9
testTenantRuppu,10,9
"sept-12-temp-2",20,18
"16Aug_IICS_QE",26,null
"12Sep_SAPScanner_Dev",30,27
"20June_PLTF_QE10",30,27
"PlatformQe_API_Metering_Test2",30,27
"sept-12-temp-1",30,27
"PlatformQe_API_Metering_Test1",36,27
"11Sep_Claire_QE",40,36
"Platform_MDP314",46,27
"01Aug_Platform_QE",70,63
"17aug_Claire_Provisioning_Validation2",70,63
"CustomerUpg_21Aug02",70,63
"CustomerUpg_21Aug03",70,63
"08sept_dev",83,70
"MKG_PublicAPI_QE",144,72
"MKG_IngestionTest",147,117
"21Aug_PlatformQE_02",170,153
"11NOV_INGESTION_EBF",179,102
"CustomerUpg_pltfQE_03",190,171
"CustomerUpg_pltfQE_04",190,171
"PlatformQE_05",200,180
"PlatformQE_1693215129647",200,180
"11Sep_Platform_QE",201,220
"perf_dnd_story_4",210,189
"perf_dnd_story_6",210,189
"PlatformQE_Aug_Rel_02",230,207
tenant3,230,207
"PlatformQE_Aug_Rel_04",240,216
"PlatformQE_Aug_Rel_05",240,216
"clairegpt-aug15",240,216
"praj_claire_14july_01",240,216
"20JULY_METERTING_MUKESH",250,225
"CustomerUpg_pltfQE_02",250,225
"JUNE_GA_BKP_TENANT_3",250,225
"JUNE_GA_BKP_TENANT_4",250,225
"PlatformQE_Aug_Rel_01",250,225
"PlatformQE_Aug_Rel_03",250,225
"platformQE_09Aug01",250,225
"16aug_search_dev",260,234
"17aug_Claire_Provisioning_Validation3",260,234
"21Aug_PlatformQE_04",260,234
"Devprod_Presales_July",260,234
"GCS_Scanner_3",260,234
"JUNE_GA_BKP_TENANT_2",260,234
"cdgcui_1205_01",260,234
"plt_test_upgrade02",260,234
tenant1,260,234
"16June_Performance_QE",270,243
"17aug_Claire_Provisioning_Validation",270,243
"17aug_Claire_Upgrade_Validation",270,243
"21Aug_PlatformQE_03",270,243
"22AUG_BISCANNER_NEW",270,243
"DEVPROD_PM_1",270,243
"DEVPROD_PS_1",270,243
"Hawkdqmrel_QE1",270,243
"Hawkdqmrel_latest",270,243
"Informatica-New",270,243
"Platform_CD_Tenant_DND",270,243
"Presales_July",270,243
"claire-app-dev-12",270,243
"claire-dev-aug11",270,243
"platform_july_regression",270,243
"platformqe_28July23_GraphFix",270,243
"praj_claire_14july",270,243
tenant2,270,243
"PlatformQE_23Aug01",275,225
"Hawkdqmrel_NFT_QE1",280,252
"JUNE_GA_BKP_TENANT_5",280,252
"PlatformQe_VS_Fix_Tenant",280,252
"ProfilingQE_08July2023",280,252
pactera,280,252
"platformQE_10Aug02",280,252
"testing-refactored-ml",280,252
"GCS_Scanner_2",290,261
"18aug_clairegpt",297,243
"PlatformQe_API_Metering_Test3",297,243
"plat_dev_aug_7_test01",297,243
"plat_dev_aug_7_test02",297,243
"25JulyIICS_PlatformDev",312,234
infa,350,315
"21Aug_PlatformQE_01",395,153
"DEVPROD_SCANNERS_1",450,225
"platform_auth_do_not_delete_automation",470,234
"INGCON_TG_CDN_TENANT_DECOMISSION_RETRY_03",486,243
"platformqe_28July23_GraphFix_1",495,243
"MKG28July_ReverseSync_QE",540,243
"MKG_Tenant_Isolation_AWS5",560,27
"PlatformQe_API_Metering_Test4",675,243
"CustomerUpg_21Aug01",700,225
"DevProd_18July_Release_PLTF_01",702,243
"MKG_Tenant_Isolation_AWS12_1",740,250
"MKG_Tenant_Isolation_AWS9",750,260
"MKG_Tenant_Isolation_AWS13",754,250
"MKG_Tenant_Isolation_AWS15",754,270
"MKG_Tenant_Isolation_AWS1",758,260
"MKG_Tenant_Isolation_AWS7_1",774,259
"MKG_Tenant_Isolation_AWS11",776,270
"MKG_Tenant_Isolation_AWS3",780,270
"21aug_mkg_qe",784,728
"MKG_Tenant_Isolation_AWS4",788,244
"MKG_Tenant_Isolation_AWS10_1",794,279
"MKG_Tenant_Isolation_AWS14",816,270
"MKG_Tenant_Isolation_AWS6",850,252
"CustomerUpg_pltfQE_01",883,231
"Customer_Issue_5Sept",919,"3,033"
"CP_17July_Profiling_QE01","1,053",999
Informatica,"1,144",728
"SK_IMS_SERVICE_2705","1,175","1,575"
"11SEP_BULKIMPORT","1,249",731
"MKG_Tenant_Isolation_AWS2","1,252",698
"ajvishwa_0821","1,258",9
"MKG_PublicAPI_14July","1,344",96
"05May_MDXScanner_DEV","1,350","1,215"
"profiling_August_September","1,506","1,591"
"16Aug_PlatformQE_01","1,525",225
"CustomerUpg_pltfQE_05","1,750",225
"21aug_DQ_DEV","1,815","1,693"
"Aug_Devprod_MKG_DEV","1,833",394
"ScannerQEJuly-0_suborg","1,960","1,624"
"10Aug_Globalization","2,147","2,025"
"04Sept_CDMP_QE","2,570","2,465"
"PlatformQe_API_Metering_Test5","3,027",243
"Claire_Devprod_CD_13Sep","3,136","5,063"
"20June_PLTF_QE05","3,942","3,780"
"cdgc_ui_ci_apps","4,860","7,425"
"GCS_Scanner_1","6,085","9,959"
"cdgcui_may_01","6,372","6,129"
"14Sep_MKGConnAssign_QE","6,548","8,166"
"13June_BulkImport_MKG_CD","6,692","1,876"
"DataDestructionAugust2023_02","7,619","10,281"
"cdgcui_aws_1606_01","7,800","7,358"
"DP_PERF_MAY_16_01","8,568","8,512"
"MKG_ReverseSync_CD_08July","8,648",234
"10July_BulkImport_QE","9,232","4,216"
"06Sept_MKG_PublicAPI_Auto","10,921","23,319"
"Devprod_GCS_July","13,494","15,834"
"25JULY_CDI_DEV","14,226","14,831"
INFA,"20,332","11,544"
"Discovery_CD_06_April","23,972","28,626"
"SearchV2_CD_Apr2023_3","27,216","61,182"
"Export_CD_Apr2023_1","28,080","65,826"
Test,"28,080","65,826"
"Profiling_JulyTenant","28,168","30,492"
"Export_CD_Apr2023","28,242","62,073"
"Public_API_July_SearchQE","29,120","68,264"
"cdgc_ui_metering_2","42,610","53,446"
"DEVPROD_PLTF_PRESALES_COPY_1","44,800","80,892"
"Disc_CD_1","46,452","47,740"
"BI_MITI_Scanners_July","51,790","67,982"
"04JULY_AdvScannerQE","53,976","72,046"
"SK_July_0607_Regrssion","62,256","54,831"
"16aug_claire_July","66,067","93,441"
"DevProd_ProductMgmt1","70,004","129,536"
"devprod_Profiling_regression_sep13","82,596","92,094"
"11aug_ScyllaDb_check","91,962","139,239"
DataDestructionSept,"93,047","115,626"
"QE_Preview_MKG","93,380","109,564"
"ajvishwa_0822","111,212",234
"DEVPROD_MKG_QE_PREVIEW_2","115,722","130,923"
"cdgc_ui_perf_10July23","140,805","123,039"
"22Aug_AdvScanner_QE_N_1","152,387","238,180"
"05Sep_Platform_QE","161,323","201,265"
"perf_dnd_story_5","202,482","202,461"
"BulkIngestion_4June23","214,732","79,460"
"27June_SAPScanner_DEV","220,298","379,054"
"Devprod_GCS","221,528","377,008"
"SK_JUNE_RELEASE","228,762","328,347"
"cdgcui_aws_1805_01","238,356","266,328"
"mkg_rtc_check","266,020","2,014"
"cdgc_ui_0709_01_so1","299,615","974,342"
"SECURITY_DEVPROD_02JUNE","306,511","434,147"
"cdgcui_aws_1805_04","320,625","605,772"
"cdgc_ui_0709_01","330,003","971,524"
"Scanner_QE_04sept_01","337,911","496,225"
"07April_AdvScanner_QE","348,376","472,920"
"9Aug_RealTime_CD","355,006","70,491"
"cdgc_ui_1805_01","370,278","414,153"
"Prof_CD_tenant","375,763","379,325"
"cdgcui_aws_1805_02","376,714","165,594"
"cdgc_ui_metering_so","407,303","545,080"
"cdgcapp_july05","441,194","1,102,712"
"02July_DataPrep_dev","459,650","459,900"
"06_aug_scannerqe_ebf","459,741","650,680"
"BulkImport_QE_May22","508,246","49,155"
"perf_cdgc_ui_august_01","547,943","903,778"
"cdgcui_aws_1805_03","565,604","3,879,174"
SCPScannerQEJune,"665,912","739,934"
"pm_july_0507","688,298","840,632"
"cdgc_ui_2411_04","772,248","1,958,328"
"11Sep_CDGCUI_QE","823,969","1,213,038"
"cdgcapp_july0607","936,228","1,668,312"
ConnectionAssignmentCDFeb,"963,090","1,237,248"
"11Sep_AdvScanner_QE","994,548","1,488,125"
"27June_BulkImport_MKG_CI","1,040,338","132,470"
"perf_cdgc_ui_august_07","1,288,039","2,390,819"
ScannerServiceCD,"1,322,196","1,911,463"
"Devprod_Presales","1,392,759","1,861,669"
"06July_CDMP_QE","1,439,067","1,554,830"
"06Apr_CDMP_Dev","1,440,477","1,366,983"
informatica,"1,488,241","1,501,651"
"rel_upgrade_dnd_147","1,517,778","1,517,724"
"perf_dnd_story_3","1,569,770","4,557,432"
"cdgc_ui_perf_10July23_1","1,795,959","4,258,656"
"cdgc_ui_0812_01","1,837,992","4,239,196"
"Profiling_June_To_July","1,995,625","2,493,575"
"09may_icd_qe","2,207,608","2,207,764"
"cdgc_ui_02222023_01","2,236,847","4,176,612"
"cdgc_ui_metering","2,512,810","3,498,832"
"DP_DEVPROD_July2","2,543,480","2,543,615"
"12Apr_DataPrepQE","2,666,170","2,666,794"
"24Nov_Scanner_CD_QE","2,733,966","2,736,558"
"bulk_ingestion_QE","2,779,168","2,765,257"
"DP_June14","2,824,528","2,825,032"
"july_newapp","2,845,700","3,189,700"
"27Oct_CDMP_Perf_QE","2,912,406","9,111,882"
"rel_upgrade_dnd_167","2,922,764",234
"MKG_QE_17May","3,230,577","3,645,432"
"rel_upgrade_dnd_122","3,297,321","2,998,890"
"04April_CDMP_PERF_QE","3,315,000","5,841,750"
"SCP_Tenant2","3,518,515","3,550,022"
"SK_PCS_TEST_0504","3,519,502","4,412,096"
"14Aug_CDMP_PERF_QE","3,520,908","6,271,101"
"DP_DEVPROD_April1","3,625,607","3,625,919"
"cdgc_upgrade","3,719,786","6,007,176"
"scanners_qe_10aug23_2","3,858,177","5,124,226"
"DP_DEVPROD_April2","4,288,904","4,290,222"
"rel_upgrade_dnd_182","4,383,964","4,383,912"
"perf_cdgc_ui_august_05","4,442,447","5,294,684"
"ICD_DEVPROD_NOV24_1","4,540,692","4,538,846"
"rel_upgrade_dnd_185","4,552,578","4,552,524"
"rel_upgrade_dnd_187","4,552,578",243
"MKG_PublicAPI_22Aug","5,089,864","2,822,967"
"perf_cdgc_ui_august_06","5,204,468","9,377,065"
"scanners_qe_10aug23_1","5,715,454","8,655,107"
"11Aug_AdvScanner_QE_1","5,933,836","7,966,391"
"rel_upgrade_dnd_139","6,395,328","6,096,924"
"14Dec_Scanner_QE1","7,086,300","10,468,952"
"cdgcui_1404_01","7,151,745","12,682,299"
"cdgcui_search_apr8","7,164,450","11,480,237"
"perf_cdgc_ui_august_04","7,238,304","8,006,663"
"cdgc_ui_3011_01","7,241,845","10,501,920"
RevSyncTest02,"7,276,250","7,277,648"
"perf_cdgc_ui_august_03","7,430,815","8,053,372"
"cdgcui_0804","7,492,210","7,895,961"
"RTC_TENANT_DND","7,765,341","9,207,939"
"PublicAPI_MKG_QE_2704","7,788,118","5,530,746"
"Public_API_July_SearchQE1","8,087,581","5,742,982"
"perf_dnd_59","8,893,171","8,245,853"
"Presales_Athena_Org","9,200,022","9,754,212"
"Profiling_QE_06July23","9,993,114","12,877,444"
"DEVPROD_PRESALES_1","10,391,010","16,699,606"
"18May_CDMP_QE_01","11,038,196","9,649,640"
"05July_Scanner_QE2","11,272,883","11,483,867"
"CDGC App","11,810,093","14,950,528"
"06July_Performance_QE1","12,359,051","17,660,419"
"23June_CDMP_QE","12,480,658","23,527,441"
"DataDestruction_May2023Release_2","13,574,522","13,660,166"
"rel_upgrade_dnd_062","14,163,100","14,162,904"
"23May_IICSQE","14,307,618","7,986,732"
"perf_dnd_upgrade","15,277,275","15,278,100"
"cdgc_ui_2411_03","15,301,052","19,041,542"
"jul_perf_team_02","16,927,898","16,951,428"
"04Jul_MKG_QE","17,531,349","15,468,593"
"perf_dnd_65","18,185,993","17,198,783"
"rel_upgrade_dnd_061","18,209,691","13,657,086"
"perf_dnd_53","18,338,644","23,451,677"
"02Aug_CDMP_QE2","18,849,230","25,140,921"
"14July_Perf_QE01","20,494,131","20,366,486"
"rel_upgrade_dnd_052","21,377,075","21,100,600"
"rel_upgrade_dnd_112","21,918,962","21,918,624"
"rel_upgrade_dnd_113","21,918,962","21,918,624"
"rel_upgrade_dnd_019","22,232,080","21,944,624"
"rel_upgrade_dnd_020","22,232,080","13,177,268"
"rel_upgrade_dnd_044","22,232,158","17,560,946"
"rel_upgrade_dnd_045","22,232,158","17,560,946"
"rel_upgrade_dnd_047","22,232,158","21,944,624"
"rel_upgrade_dnd_049","22,232,158","21,944,624"
"rel_upgrade_dnd_053","22,232,158","21,944,624"
"rel_upgrade_dnd_054","22,232,158","21,944,624"
"rel_upgrade_dnd_058","22,232,158","21,944,624"
"16June_CDGCUI_01","22,595,958","26,868,699"
"rel_upgrade_dnd_106","22,761,999","22,761,648"
"rel_upgrade_dnd_107","22,761,999","22,761,648"
"rel_upgrade_dnd_110","22,761,999","18,209,367"
"rel_upgrade_dnd_111","22,761,999","13,657,086"
"cdgc_ui_dev_may09_1","22,955,897","23,160,627"
"rel_upgrade_dnd_016","23,087,160","18,236,367"
"rel_upgrade_dnd_018","23,087,160","22,788,648"
"rel_upgrade_dnd_024","23,087,160","22,788,648"
"rel_upgrade_dnd_025","23,087,160","22,788,648"
"rel_upgrade_dnd_026","23,087,160","22,788,648"
"rel_upgrade_dnd_028","23,087,160","22,788,648"
"rel_upgrade_dnd_034","23,087,160","22,788,648"
"rel_upgrade_dnd_036","23,087,160","18,236,367"
"rel_upgrade_dnd_040","23,087,160","13,684,086"
"rel_upgrade_dnd_035","23,087,187","22,788,648"
"rel_upgrade_dnd_046","23,087,241","22,788,648"
"rel_upgrade_dnd_048","23,087,241","22,788,648"
"rel_upgrade_dnd_060","23,087,241","22,788,648"
"15Dec_Scanner_QE","23,606,258","20,493,564"
"rel_upgrade_dnd_017","23,942,240","23,632,672"
"rel_upgrade_dnd_022","23,942,240","23,632,672"
"rel_upgrade_dnd_027","23,942,240","18,911,788"
"rel_upgrade_dnd_029","23,942,240","23,632,672"
"rel_upgrade_dnd_050","23,942,324","23,632,672"
"rel_upgrade_dnd_055","23,942,324","23,632,672"
"rel_upgrade_dnd_056","23,942,324","23,632,672"
"rel_upgrade_dnd_108","24,448,073","24,447,696"
"rel_upgrade_dnd_043","24,797,407","24,476,696"
"11Aug_AdvScanner_QE_2","25,516,661","38,819,922"
"perf_cdgc_ui_august_02","25,969,036","11,292,184"
"perf_dnd_78","28,545,620","24,999,696"
"scanners_qe_06July23_3","28,628,494","45,204,874"
"jul_perf_dnd_cs2","29,202,066","29,201,796"
"swati_IDMCOrg","29,854,105","391,660"
"perf_dnd_72","30,930,498","37,979,874"
"perf_dnd_story_1","31,919,895","32,599,364"
"perf_dnd_32","33,080,556","33,978,384"
"perf_dnd_64","34,222,068","29,413,368"
"perf_dnd_80","36,150,219","31,462,431"
"perf_dnd_79","36,250,786","32,485,272"
"14Dec_Scanner_QE","36,536,697","71,974,791"
ScannerQEJuly,"37,222,475","15,153,200"
"rel_upgrade_dnd_023","41,197,436","45,841,908"
"perf_dnd_july_13","44,289,220","45,295,846"
"perf_dnd_july_12","45,715,813","38,570,703"
24Mayperf,"46,413,675","46,467,513"
"MKG_July","46,786,349","36,563,273"
"06July_Perf_QE","49,283,695","45,720,398"
"perf_dnd_54","50,954,304","58,797,861"
"26May_PerfQE_02","55,064,340","65,703,231"
"DEVPROD_PRESALES_MKG_QE","55,393,520","70,280,560"
"13June_Perf_QE_01","55,492,060","55,207,334"
"perf_dnd_16","56,388,094","59,227,434"
"perf_dnd_48","57,517,439","57,180,536"
"31July_Perf_QE4","58,414,960","81,708,360"
"perf_dnd_15","63,235,879","71,210,643"
"perf_dnd_30","63,755,456","63,550,408"
"11Jan_Scanner_QE2","65,439,332","70,763,336"
"31July_Perf_QE3","66,836,372","110,619,278"
"perf_dnd_49","72,767,079","70,843,696"
"perf_dnd_68","74,679,032","74,422,966"
"13June_Perf_QE_04","74,702,682","72,351,441"
"perf_dnd_71","82,204,590","82,476,134"
"13June_Perf_QE_03","85,198,516","85,742,358"
"06July_DEV_01","85,995,453","86,481,304"
"perf_dnd_july_01","89,545,518","94,113,590"
"perf_dnd_66","90,000,708","76,517,616"
"DEVPROD_PRESALES_MKG_QE_PREVIEW","93,393,999","19,924,839"
"perf_dnd_12","93,783,221","106,972,726"
"13June_Perf_QE_05","94,602,676","89,448,240"
"25May_Scanner_QE","95,510,044","120,406,580"
"perf_dnd_77","95,983,055","89,349,795"
"13June_Perf_QE_07","97,214,425","97,887,225"
"02july_CLAIRE_Testing","104,462,174","590,060"
"Devprod_Profiling_Perf19July","105,218,353","119,533,146"
"06July_Performance_QE2","108,655,389","110,963,246"
"28thJune_julyExcel_QE","108,743,600","121,546,600"
"perf_dnd_57","110,073,214","106,800,932"
"perf_dnd_58","111,512,171","102,044,886"
"13June_Perf_QE_08","111,739,152","109,636,632"
"perf_dnd_70","119,557,877","130,193,628"
"13June_Perf_QE_10","125,267,925","126,215,400"
"perf_dnd_67","125,556,113","114,534,421"
"26May_PerfQE_01","126,327,376","117,779,900"
"perf_dnd_76","127,497,356","121,956,183"
"perf_dnd_56","127,512,615","121,382,421"
"perf_dnd_74","129,561,070","136,263,164"
"perf_dnd_55","133,887,550","128,914,093"
"13June_Perf_QE_09","136,316,952","130,684,617"
"perf_dnd_73","136,491,990","137,192,646"
"perf_dnd_75","137,386,592","121,195,457"
"cdgc_ui_2411_02","138,384,250","1,004,600"
"perf_dnd_47","140,559,321","142,535,903"
"13June_Perf_QE_11","141,147,058","136,880,120"
"27June_MKG_QE","142,066,848","142,149,644"
"DP_DEVPROD_April7","143,271,480","8,056,776"
"13June_Perf_QE_12","143,439,240","135,876,104"
"perf_dnd_july_08","143,807,809","139,622,419"
"perf_dnd_69","146,131,652","133,956,503"
"profiling_5_july","146,395,332","138,489,113"
"13June_Perf_QE_13","146,443,416","138,766,012"
"perf_dnd_july_10","147,513,946","147,835,237"
"13June_Perf_QE_14","148,834,140","144,645,462"
"05July_Scanner_QE3","150,431,391","14,399,505"
"13June_Perf_QE_16","151,486,218","147,323,514"
"perf_dnd_july_06","155,219,684","156,966,575"
"perf_dnd_63","155,589,651","150,425,320"
"perf_dnd_50","158,821,469","81,695,634"
"13June_Perf_QE_19","159,442,088","144,645,254"
"13June_Perf_QE_20","162,823,257","158,554,530"
"perf_dnd_62","164,953,492","153,994,285"
"perf_dnd_july_05","166,343,024","162,938,019"
"perf_dnd_july_04","168,002,900","162,986,219"
"05Apr_Perf_QE","169,625,274","149,801,141"
"perf_dnd_61","173,173,377","155,647,236"
"perf_dnd_july_02","173,657,365","173,397,621"
"13June_Perf_QE_15","174,562,976","164,423,980"
"13June_Perf_QE_17","175,318,074","173,367,270"
"perf_dnd_july_09","177,532,877","175,444,748"
"13June_Perf_QE_02","180,283,964","170,200,884"
"perf_dnd_july_11","180,520,593","178,421,178"
"14July_Perf_QE","181,852,856","269,881,295"
"perf_dnd_story_2","183,764,704","195,770,408"
"perf_dnd_35","187,837,520","182,458,796"
"13June_Perf_QE_18","188,139,375","181,143,351"
"perf_dnd_27","188,340,204","183,171,950"
"perf_dnd_36","199,647,875","201,412,300"
"perf_dnd_38","204,702,212","206,747,996"
"perf_dnd_29","208,632,200","207,684,900"
DataDestructionAugust2023,"209,079,012","219,139,159"
"13June_Perf_QE_22","209,831,622","203,562,398"
"13June_Perf_QE_21","209,839,838","200,892,536"
"perf_dnd_33","211,274,649","202,761,387"
"13June_Perf_QE_26","212,483,674","206,240,450"
"13June_Perf_QE_23","217,902,096","208,610,667"
"13June_Perf_QE_25","217,904,877","208,613,502"
"perf_dnd_28","220,031,000","216,580,280"
"13June_Perf_QE_24","220,656,096","216,953,829"
"04JULY_Hive_ScannerQE","221,400,293","171,971,929"
"perf_repro_emea","221,560,893","251,083,854"
"perf_dnd_14","232,118,068","254,798,986"
"13June_Perf_QE_29","232,541,431","222,717,073"
"05July_AdvScannerQE","236,895,084","64,677,798"
"perf_dnd_25","249,574,910","246,194,802"
"perf_dnd_july_03","251,707,635","232,639,728"
"perf_dnd_22","251,807,859","270,514,539"
"13June_Perf_QE_28","252,761,725","247,233,475"
"13June_Perf_QE_27","255,311,525","242,083,175"
"perf_dnd_31","263,913,284","255,597,286"
"14June_Scanner_QE","266,167,020","324,331,588"
"13June_Perf_QE_30","270,828,454","267,835,022"
"DataDestruction_April2023Release_1","272,410,824","141,633,548"
"perf_dnd_23","277,714,382","303,189,865"
"perf_dnd_34","277,872,509","275,071,434"
"perf_dnd_26","294,431,621","296,299,071"
"04April_CDGCProfiling","300,639,680","262,308,120"
"perf_dnd_46","300,748,377","302,527,091"
"perf_dnd_10","304,437,235","339,339,893"
"perf_dnd_51","305,474,895","295,817,365"
"perf_dnd_13","309,930,012","367,184,692"
"perf_dnd_44","314,795,432","380,318,820"
"perf_dnd_08","346,150,799","364,317,152"
"perf_dnd_07","370,404,981","399,802,497"
"perf_dnd_52","375,160,389","371,777,960"
"perf_dnd_july_07","379,674,101","416,283,119"
"perf_dnd_43","385,199,832","478,227,746"
"perf_dnd_40","389,554,603","375,951,553"
"31July_Perf_QE1","391,106,805","289,752,929"
"jul_perf_team_01","407,943,324","391,728,582"
"perf_dnd_05","430,144,869","480,706,592"
"06July_Performance_QE","559,547,071","107,113,244"
"perf_dnd_apr_01","603,705,310","477,097,062"
"perf_dnd_09","682,708,899","662,441,384"
"31July_Perf_QE2","734,944,510","756,079,467"
"ScannerQE_Longivity","2,688,799,077","3,194,064,844"
