TenantId,Tenant,Objects,Relationship
34QbCevaVKhdAqGA4U9Z6n,Informatica,"16,667,124","12,222,687"
llCWjLEv0Ydlb1lAIP5cOa,"INFA CDGC PM","7,076,590","1,493,395"
1zjeVZ4V60dgIpZ8HbrcwY,"WAWA_PROD_DGDC","5,396,441","7,267,978"
3Ey1itf8xjkdyvSEYC52yQ,"Takeda Pharmceuticals USA, Inc - TEST","4,205,153","1,958,992"
aW2AyAEfIOrcZoYhcweSQs,Development,"3,797,840","3,091,312"
2r6BhKNzwv4gZ3NlHoPbAD,"DEV EMC IICS","3,784,807","377,643"
5kvbeE48xOHhmxgXdIQWMk,"Gilead-dev","3,648,262","5,320,841"
8bqtWxXvrKygzHZ0zx6jmY,"McGraw Hill - Dev","3,122,400","98,914"
6s3ltllah8Oh2TMVfMFNah,"Data Analytics Cloud","2,984,162","253,855"
53BcMoItR5GcYRBPdkDfS4,QEProfilingApril23US1,"2,777,298","2,792,577"
iJTQxEsBckPj6ouidWC6Wl,"CDGC/CDQ - Cox Enterprises, Inc. - DEV","2,377,442","3,637,463"
aa4xXYWHQqqeutHAom16Ag,"ODIN1_V2_NAPOD4","2,146,246","1,734,035"
5lHmc9OYTvzexcJETxPDWN,"Gilead-tst","1,962,388","982,450"
30H6KQNJnoccYRwNofi0E9,Informatica,"1,843,338","2,272,371"
54hoJsI9HkCb6ZxKV4T9Cy,Gilead,"1,769,204","2,601,854"
agDNBoMH10wcdc8XhyhVGt,"Memorial Sloan-Kettering Cancer Center","1,725,345","1,725,317"
87AkFBBVuc5lpFYclXMZaT,"Grady Health System","1,693,014","2,091,627"
ahTOwWSy8l4kxZhjt3neGb,"TA Operating LLC","1,656,948","1,886,933"
8BsM05gKj8XdRAKFDq8qOh,"American Red Cross Production","1,576,660","1,684,766"
62yvPIigH0vfndAP2xVfW3,"ODIN1_V2_NAPOD1","1,571,445","39,929"
0QriY8cLukIeIUc5y2vOqd,"Independent Bank Group, Inc.","1,526,641","2,305,648"
7suQrQrhjkdddhiRwz6OQO,dv,"1,404,849","1,958,686"
aALOON4iZAIlTqFDeJEZCF,"Fossil Partners, L.P.","1,358,672","1,091,162"
3o1BJyJAhJ6cqpGFvp1N4i,"ORIX Corporation USA - Dev","1,274,063","129,781"
lM9x3DDOou8k2lKnTSzrOU,"Abercrombie & Fitch Management Co.","1,227,596","2,105,171"
1QCg0SJUKa0dhENsKiWYkb,"Takeda Pharmaceuticals USA, Inc - PROD","1,220,588","1,261,695"
1PtKcsnXawdiVlEdPufjky,"BMC Software, Inc.","1,147,646","1,501,686"
3aCak1taOxBhyBTaxLJVGe,"Unity CDGC Sandbox v2","1,109,289","1,479,332"
9VAqEl4ewv4eke4ePAZWok,"Janus Henderson Investors US LLC","1,100,950","1,546,522"
6z4MEiNasCRj8oe0kc6ykm,"WI DOT","1,034,153","1,703,855"
a10ycKy930tldM7akJ0fIc,"American Red Cross - Development","1,033,250","1,066,587"
aHcWQFKAFcgdpLzAF3WtCu,"Claro_CDGC_PRD","982,859","1,250,202"
7oyyYIgALobclVSTz8TIW2,"ARC TEST Environment","979,808","1,294,774"
eUWJeHsxOuTfZBczlKjT4W,"iics-so004-d","975,669","1,535,041"
aB7puLR2i3hb6d7rX2XvY7,"Takeda Pharmaceuticals USA, Inc - DEV","952,352","1,005,342"
0Iq9GvwFiOAcyCuul4MfWK,"Axalta Coating Systems Ltd","950,850","1,031,922"
0b6Nn48oUatbrJTx2dHAaa,"Black & Veatch","901,152","1,814,747"
kOKfSrnV4q6ju79e4Ipww4,"Sylvamo North America, LLC","847,336","1,950,004"
0GYmRXlG02lcd51TgJFQ4Q,"CP_W5_Test","777,563","797,555"
bSeoasad7uClTD5MaRcF2q,"Sylvamo North America, LLC","763,190","1,862,009"
7uhEWQ3OxnEd2d4M4yeXcl,"iics-so004-u","743,414","949,455"
55wBUZDks4BcGeFj65Ntgh,"CP_W1_Test","684,027","708,150"
7x7DCi8ZEMXfLmEEW5nBOE,"Discovery_V2_US_POD4_2","662,160","666,970"
b6CWf3p99a3howC2J5bK6m,"Boston Scientific Corporation","661,918","742,148"
3HR1TnTJSuMe1LhioUyxKG,"Claro_Development_bi","650,366","712,635"
62o6wd21nd6cW9h8GRVnA7,"Deloitte Consulting LLP","631,397","748,767"
7C80zsrNWAIkxRHIGTILCB,"Data Governance- Sandbox","618,801","823,336"
5AvLyV261nyh55tfFW5uWL,"ODIN1_V2_NAPOD3","618,274","854,734"
5t7MwxUw0jGdvenXbuwlgb,Synovus,"616,632","1,156,898"
0hiF91tZEtdgf36tEz4xk9,Development,"612,325","666,206"
5eKriGDV6yujhFLpfzVkcD,"SAP_Scanners_US1","607,850","904,292"
867ONHWJvA6gfQkL880JIl,"ODIN2_V2_NAPOD3","606,977","611,618"
1FIEAM8pyFzfp6fnnf9TI1,"Quidel Corporation","600,893","645,685"
3hw1s1CcSZEfEmDJjmzdwr,"Informatica DataOps PS Org","598,750","625,487"
d0rNAfGygUkk1nhQJpPbQs,"Levi Strauss & Co.","559,826","762,560"
7XOtGnA9GtljkP7iVNlVeF,"Total Quality Logistics","556,010","555,030"
5Kus7cm2XXVlAZbwvLePEq,"Quidel Corporation","546,452","518,660"
0eSMqocxRnPcJIKwqKgG22,"Scanners3_V2_NAPOD6","534,500","84,494"
8Xg6ayOHr1icyikcs65pQ8,"TA Operating LLC","519,015","613,152"
9QaXM9ir7L2cXDAjdC1iel,FLDS,"483,428","474,109"
48KU4v9MCMLia4Yzr3M688,"iics-so004-p","479,679","556,967"
adNSJwi8KCPbFlfOiNo3si,"Safelite Group Inc","478,998","565,227"
0cqM3FOoPq6ha3Rz8emRkp,"Dana Farber DEV","477,080","937,537"
38D9NpJx84ci1C81GIWho7,"EMDSerono PROD","475,124","1,301,105"
5c9DY2qouU9jhKM6aOeTkh,"CDGC_V2","470,846","789,707"
4xCjxRKQS2sf2Cjt9oElCg,"American Airlines, Inc.","470,799","958,187"
0aiHquJrGexl8VrcpDC4W1,"Arrow Electronics, Inc.","462,419","917,116"
0DObx33thYGggkrvNTkBa2,FDNY,"436,688","305,762"
eRsPTtOl3YAhq86JAA0F2e,"KAO USA Inc.","436,657","916,798"
8ptn65ExxiKfQaQ7ucb1wu,"Discovery_V2_US_POD6_2","433,997","458,265"
23IkKEyv9KdcdjFsXCGOg8,"Vantage Services, LLC","419,735","451,234"
clojZxvKvcMeEpCfuydjGZ,"INFA_CDP_CDQ_Bundles","416,390","415,944"
8dnsa1sXx0bke5CkPK7Oej,QEProfilingApril23US3,"414,689","415,646"
kSsyXn7oMuPdURIv9Hs8sx,"Jazz Pharmaceuticals Inc Dev","413,851","447,075"
ab9xEBnUo6KdM0tEWsXN8A,Informatica,"392,927","801,048"
01y4jhY0lbue5eEeMSw2un,"ODIN2_V2_NAPOD1","392,609","448,805"
7u2rwIfzVceb03FH0erZgz,"Rice University-0","376,043","55,914"
0d1uBEw60mBedeYh8rzqUj,"ODINV2_NA_METER","373,937","378,013"
8hYxDF07QEfhvaBnL8rcCP,"Valmont Industries, Inc.","373,916","314,476"
8uVnvAVyluXiwN1PfLdsGK,"ODIN1_V2_NAPOD2","365,706","404,575"
15HOme9OimWb0d6yzR18KH,MPH,"358,567","234,138"
43OcrQtPyqekhzFupnPIMV,"SAP_Scanners_US3","351,769","677,847"
jouiO40BdizgZ0HkwGfaQ0,"Grady Health System","349,254","395,600"
3UPzAjcHGmRiU4ghS7XNAw,"IPS Wave for CDGC - 1","342,247","330,629"
9P25Oofp4epblsG7E7H0M5,Informatica,"334,673","585,541"
6mANU1Y5Y2hjBSQXW1RXmG,"IPS Wave for CDGC - 2","332,716","328,564"
9UJUbQfx2MAiM1joSgzq61,"City of Mesa","331,379","669,046"
amnJgsW6QMlhGyfD835uuL,"SAP_Scanners_US2","318,988","584,048"
1hbw7mKQQCujhlD5ao0XGf,"American Airlines, Inc.","315,412","797,727"
8IbSy0dMIuAfDxcKGGzSWR,"Wawanesa Mutual Insurance","309,980","402,764"
5xOq9E8tyCzcCzwRFw2CMG,"ICD2_May_NAPOD1","309,290","202,885"
7mtRDELXSmGfgSWBrtqaMS,"Banco ABC PRD","303,862","434,041"
0Bl0QWQAkSycqejOePRUyk,"Enterprise SC CDW Demo","303,675","255,317"
3f6i0py9AjxigxeGH9DyuI,"Axalta Coating Systems LLC","302,205","479,155"
4UpvADglvv5iFmqhwhUD80,"EmblemHealth, Inc.","283,069","396,307"
4lEcJDUJSMrgb1kWDq5pCp,"SAP_Scanners_US4","278,886","531,399"
4tChy2TFxh5fNo5O5PRcWw,"CDGC_V2_NAPOD1","278,734","293,827"
16WORv5n5zlejCrr4LGJoI,"Grant Thornton LLP","272,944","472,068"
9WNxkX6hhAEfQMacRKincJ,3M,"272,537","310,775"
0kdbpcFDVIPe95W5zwtUqh,Furukawa,"270,982","394,505"
4xiZOt1YkAjen05jbdoVEm,"Healthcare and Life Sciences Informatica Demo Env","269,965","288,220"
ivPYDVkoGukgPdoi44cQMR,"Horace Mann Service Corporation","267,436","395,958"
65wYqPGtWhShPIZQjBTY0f,"ODIN1_V2_NAPOD6","264,335","467,345"
7aKViOHTPQwc3RoQdBpDqP,Arcbest,"253,704","344,190"
7dugvWIOLcVkqZGK2PTSQj,"Blue Cross and Blue Shield of Kansas City","248,397","259,806"
14xqZFNWCmKf0nOTg8ZTOB,"Bausch Health - Remainco QA","238,508","338,382"
3HnkyT3xbj1iDcdh4UaeMR,"Beta Plus Technologies, Inc.","237,785","1,362,190"
aF36IgdakczeeX94SwcyWC,"qetenant_hawk_NA1_22_july","235,428","233,894"
bXGAGDY9PUokR5FI3nweIu,"SSM Health Care Corporation","233,814","468,690"
jYTtH5zO1SWftJDIGjXikA,"Public Sector - Demo Org 1 - Production","233,559","139,809"
5iZnUkJL83Aj2iqSh8ZgE3,Informatica,"233,151","1,134,479"
i7kpWT5PSa5bYNsCHHoFW9,"Afni, Inc.","229,863","462,628"
20EtsyJpgZMkvSQt8I5ZUH,"SAP_Scanners_US6","227,996","453,864"
0cIEblcAsrKctaT5e02mKT,"Informatica_CST_TEAM","224,134","346,654"
29lnHyCC8WLi4UmMC2PTU3,"Orix Corporation","223,445","327,653"
9ikQ4zFRiXBcOrE51tbbyB,"TAH Operations LLC","223,422","516,400"
8RD0rOH7cm0gLzAJd95H0D,"CDGC-workshop-Daimler-trucks-pretenant","218,871","232,556"
8oKKv0gOZjpeqO3f8RJsiT,"Indiana Management Performance Hub","218,780","254,017"
k0UIl5mZjM1g0AlWzdyNGV,"Daiichi Sankyo, Inc. ","214,335","282,396"
2MqLzKsXmYkfVGROuiph4z,"Scanner_V2_NAPOD1","207,691","234,673"
7nzjtZjTOr9klECjkkFg0C,"Toyota Latinamerica and Caribbean TLAC","207,130","447,321"
1Xznb10PUsDdYE0TkGkrg9,"Giant Eagle, Inc.","204,840","420,301"
3j98m4MXyAUbmn7YVTcA8h,"QUALCOMM.NPD","194,059","194,179"
bx97SqjzPwSeoJob2hPEkO,"CDGC Dev/QA","193,341","198,085"
0weusAevYddh9y5NvxWCAG,"Janus Henderson Investors US LLC","191,247","220,919"
cb7k0kh04MLcSDfRzfIiOi,"SAP_Scanners_US5","190,342","401,544"
aG2hIKrfOyRdLqU4pkgLcv,"PRODUCTION - First American Equipment Finance - PRODUCTION","187,875","195,974"
0l8xYOqfEkkbi01iayXbQs,"Horace Mann Service Corporation","187,769","254,105"
fMMpf69u98Jbqfpso1bgQm,Atra,"186,537","270,118"
0jzxLvJnuOpiEOg2Rsx7IV,"MLSE - Dev","183,203","150,157"
0MV9K4HIHUClE0jX0OqNuf,"Omron Electronic Components LLC","182,971","231,437"
eQgbCSVMFyIkvUnWgf7neL,"Wesco Distribution - DEV","180,236","214,076"
7GJ61HyyGyPegj1vYcDgmr,"GTA PSW Org","176,921","245,016"
0KcwDgFNLj6iKZ5TKaVKmS,"Frederick Health, Inc.","176,749","475,499"
99B6uuYEyC3chTuBRmzLIm,Informatica,"173,091","246,996"
7ipy5AmVX3mdefjhxItAsL,"ICD_v2_na1_qe_29Oct","168,121","168,116"
f73rnBMse62l6mPjUQOx8H,"Japan IPS","158,322","193,435"
77PyKVgaKvifTYrpSypKUQ,"ICD_NAPOD5","156,439","156,430"
eMUh6uc0is9ed2JvHGH7SV,"ICD8_May_NAPOD1","154,016","139,152"
bPKC7WMI7ymluEpMWKnhIH,"CareMore Health Plan, Inc.","152,779","281,541"
aaBWS2V3adEjXcJBARsecz,"Grande Cheese Company","151,311","263,082"
iK2l70joxKzkQB7hnNX0We,"Apex Tool Group, LLC","150,482","998,252"
46Xi1JjYWm6iA7gXspYWy4,Dev,"148,871","149,210"
0CzxW7DGe7zbIWV1kle0Gc,"Patrick Test 2022-12-16:14:44","148,245","148,235"
3UnXoV00Q2rcVDFkeJie4Q,"Japan IPS-MMatsunaga","147,829","187,949"
35hHJmq91E7fMmI5Pavk0y,"Trend Micro-Global","144,459","235,261"
4Vlg7aYjsKqi8cFYPL4c6H,"Cruzeiro do Sul Educacional S/A  PROD","144,124","449,662"
9yvBRxnN0pPeBm3UJL7EWh,"ODIN1_V2_NAPOD5","141,932","247,064"
aTPHntzGKWlhoasWOrwjmz,"Randolph-Brooks Federal Credit Union","141,692","264,269"
9q4Y56eo588gQrmAWH84SF,"EMD Serono - Non Prod-TEST","140,774","197,944"
ajPkxpwUjzPgweD5b3JQ2j,"General Motors Financial Company, Inc.","139,799","106,523"
9Fo0NM48Z2YgLXsN90lCIG,"ICD_NAPOD6","135,443","135,417"
jjTv4tYOEqmcKHfbixhwaR,"Progress Residential - Sandbox","135,209","133,215"
4uQzcOgrSj0lxNYg3k2ooa,"ICD_PREP_NAPOD2","132,952","132,930"
i5NgsWsp6S2dWz25OuAnEM,"Grupo Sotreq Hml","132,739","285,235"
4h7MsnPF9YnlIzrrZiwvwy,"ICD_PREP_NAPOD3","132,037","132,015"
0tXVctvz9ySk8gN9OGi7sm,"Bright Horizons Family Solutions LLC","131,955","181,114"
6Q18rM6Tt65c87gTrYYT2l,"TradeStation Technologies, Inc.","130,890","317,270"
fvrlsUN4Mkcc2w8nMVy1aw,"Independent Bank Group, Inc.","129,134","479,123"
jqr2Usyx3G0img65ZPgQOM,"Echo Global Logistics","128,680","226,153"
ktuSCf3w9YlgpT8IebfqKw,"Horne LLP-Production","128,194","243,398"
axzPdaDEuqofT15FLA3SuH,"Oracle ","127,453","191,217"
apFevLTblqQibUBXoVwuAx,"ICD_PREP_NAPOD4","123,321","123,292"
2RZejWkwmXpd9CA8hlKYU3,"Banco Nacional de Costa Rica","120,386","142,085"
6VM32sc7gTzgPV3QGphrGT,"cdmpqe_v2_napod4","119,970","125,088"
4NLOz4f3LgbiSOJjSMf7kZ,"Guild Mortgage","119,725","179,553"
e2QvtLex4E4efqgqjuIE6l,"WA Non-Prod","119,668","115,762"
aJCu7lbfzKcfqFnxgI4Dc3,"Informatica_Ha","116,708","35,153"
1oqQ2TGTijoj172PnDzim8,"IICS-Dev","115,255","136,314"
77CYcPA6fcNbbA455B99KD,"Public Company Accounting Oversight Board","114,721","208,404"
gxTqnf9jomYjU77bf9IYwN,"The Burton Company","114,301","738,210"
8ntbZAYmApnc62ObwggJsA,"UAT - KPMG","112,856","185,783"
fL8EKmz5a0gdDoTx83emMn,"City & County of Denver","112,198","224,906"
7eY9C4oVMsNf5BT10yffqt,"The Prudential Insurance Company of America","110,684","160,945"
kWgcsNkWx8adI0sNKS9IoM,"Scanner_US_POD1_Mar","109,288","111,719"
7qdR5Ys2ZNDiXeHf7Wy0Wh,"University of California, Merced","108,266","157,238"
aqKWm651194iJy2UVtIgoZ,"Grant Thornton LLP","107,964","75,283"
2dosG8R5P0VejXCUKOVDej,"Nissan Chemical","107,804","135,231"
fgCPVjyQ1IRcrFkKUXJqEh,"qetenant_hawk_NA3_22_july","107,509","105,837"
66uXbLVuGRGdk9kNHajV0D,"Sleep Number Corporation","107,024","106,924"
8SuAONotz60jCSH0J9qveT,"CP_E6_Test","105,105","109,666"
0DVnz6db9hmdvtAjCTKXGp,"DCP Midstream, LLC","103,759","213,813"
7AbiaTVu5kplfIoPk3nDAN,"ODIN2_V2_NAPOD4","102,155","2,937"
aYyD8v1Kdpwet66i0h51Aa,"Amylyx Pharmaceuticals, Inc.","101,249","120,718"
1LG6qG3AmSgi2znxPcEYyF,Informatica,"100,489","100,358"
2rtUk0XN4AcdWgvW0eIiyZ,"NWEA DEV","97,608","151,219"
31E0ZB1n3SygLSaxh9J6wp,DEV,"95,939","177,711"
lI5Fh2RTKqXcuSWBgpwkMv,"ASP, LLC","95,460","119,148"
5PJero2rrYlc6sWgIjoWcP,"Americares Foundation","94,530","78,880"
3WAZgf8dlubi7IT24Y8tc5,"Informatica_Demo","93,637","96,555"
ekXHc4mmxKCcG2ExuaRNUx,Spinmaster,"92,828","122,530"
7FEdmoXORVWjrI4sdhYOwo,"Raymond James","87,391","137,499"
1O58kIQHT3abhxGRpCqS03,"City of Mesa","87,017","201,572"
dsv014Kam4Pj0hCCOe1fM1,"COOPERATIVA CENTRAL DE CREDITO - AILOS - POC CDGC","86,253","138,618"
acsbziwUugferOJzFM3wqv,"AdvScanners3_V2_NAPOD1","85,287","88,069"
dpGy3UZVpWglnKBWQPOxCX,"Public Company Accounting Oversight Board","83,799","142,305"
7CXSSuwtp0ifkhsZHoil8g,"ZS Associates-QA","80,902","118,645"
3ZKzgoVgBMnkOZcsc8YYCh,"Lululemon Athletica","80,210","119,049"
1sT5N1VrC9bi2gw8vdrZag,"Canadian Pacific Railway Company","78,170","108,462"
5TVVeEJ6HCzkzqQXIpqXev,"Verint Americas Inc.","77,954","126,359"
2VPeyBbJe6QcOkhRw6WnUM,"CareMore Health Plan, Inc.","77,864","87,081"
9ouXLJ7FaoLd0JKou8BfcZ,"BI_SAP_Scanners_US1","77,555","114,434"
0UbHtx9Dtx5gN8BLtlBYUb,Informatica,"76,688","127,699"
cWioGtlBwqqe7FE5FAOkUQ,"Habitat For Humanity International, Inc.","76,586","932,255"
1X36etOvpR2bLIBv62fYCV,"Scanner_V2_NAPOD2","76,397","107,486"
bFBuJ0X7V85dhzy759Gnyp,Development,"76,103","167,901"
9dCfe6d1KpCdieE7OK47SX,"YPF - Sand Box","75,838","202,042"
4Xc8rBjWtnRlp3oEbx4mKR,"Black & Veatch Corporation","75,431","241,005"
8GGzsjDLQW4eYFMBwGwYEJ,Capgemini,"73,515","101,630"
5Ja6V214R9ulkhYg34vhyz,"CDGC_V2_NAPOD2","73,276","120,618"
2BH23F7PvtDcAng22vQMuF,"Washington State Office of Financial Management","72,402","297,975"
5rBibl0CjeselG5GBXT9wX,"Chumash Casino Resort","72,356","141,324"
91JyIbxnj7VeAQrg1OMWUk,"Discovery_V2_US_POD2_1","72,081","95,306"
7hInNU1e4GkbwSVv4NgO8q,"City of Denver","71,763","93,712"
0gjGvMBgqJ3kZNsEEcQlWj,QEProfilingApril23US6,"71,745","72,752"
4UtitjigA6riKCV1ihSs02,"JHBP Inc- Production System (4UtitjigA6riKCV1ihSs02)","71,226","83,104"
dvrMGSqrwQtkrQ3zulZkqK,"AWS re:Invent","70,541","88,806"
250ze5bzqNElipNj2E8qQ1,"Great American Insurance Group","70,193","108,310"
aPgvHML1M0JkStrUj7q5kF,"Unity CDGC Generic Customer Retail Demo v2","69,590","127,237"
0AlgdM5mh8Ci2wvnyA5zOy,"DATAPREP_APRIL23","67,158","67,158"
avpp6CB7zO0jwJ1DhenfAJ,"CDGC Lab Sim","65,596","69,787"
ft6Z1Y8CjmVb8halFxJVSH,"Scanner_V2_NAPOD4","65,308","91,661"
4O9DLyTGbCFgiWNOuiQJiu,"EchoStar Operating L.L.C.","65,175","59,648"
2hYorXAKd2lgOV6Q8Tq4GC,UDP,"63,481","457,276"
aHs9VZikojsj222y0lGkgs,NWEA,"63,170","120,007"
223AI0T8a82d5ZdoSAEDeE,"Daiichi Sankyo, Inc.","63,111","110,184"
6WkBxlj1zaAkb7fps153IG,"Scanner_V2_NAPOD5","63,097","89,065"
8yIEjgVhzBdbYIzcMZUPOR,"NA_cdgc_1","62,720","69,251"
lVRSmLgu7KRikA8xmCXiov,"Scanner_V2_NAPOD3","62,418","87,247"
3SZkrkVRBtYjWR05AOFcq7,"DEV - Florida Cancer Specialists & Research Institute","61,444","63,705"
4hC0hHcLTEwht2z7eGS36p,"Afni Production Plus MDM","60,673","134,916"
aksz99VMaDGhFUycCk26AH,"Scanners5_V2_NAPOD1","60,491","74,601"
3LYcYFRH33ieun8yFMxsC7,"Informatica Corp.","59,519","48,522"
aQvIO5RaOTObzoIdPf0icq,"Community Behavioral Health","59,415","211,478"
cMAX2WAsgIlg27gcFA6LqR,Informatica,"59,042","67,005"
7NFuWe9hd5RfU5j8htrOOR,"BI_SAP_Scanners_US2","57,807","86,231"
5M6H56RFne3bcWuASNVhAE,"Vivek-SubOrg","57,799","66,797"
0Bl0PbcADDtjv5nFXbbwmU,"Genuine Parts Company","57,776","402,877"
2syDqqeZuB9lxzAsDhOCkt,"Grande Cheese Company","56,541","95,831"
1lErWoSOhFQi6P9PKukDWw,"IICS_GCS_PROD","56,455","82,635"
eWN8ac1uM02ejEuP039wYI,ClearSale,"56,372","96,795"
261DUv0MUxNjyGVuoQQGK6,"Scanner_V2_NAPOD6","56,123","78,394"
8BxbXLmF3jfenmvSn37syE,Informatica,"55,367","94,308"
6KyWOG2ZzqWerLBWayKWYk,"ADT IICS EIM Prod","54,174","78,876"
6ug80H4uziydcRzbBjY8gW,"ODIN3_V2_NAPOD1","53,533","54,739"
eQJJoWtVx2ljvO76ogldaW,"Pacific Premier - DEV and TEST","52,194","67,627"
btQeOjrRVcHiPTjqixXZkv,"City National Bank","50,931","51,634"
9MvMSH3xM0Xh9Hhj82GliR,"Sabre GLBL Inc.","50,601","79,477"
5LWeQMYtgMfb4Fo3F7imWp,"IPS Wave for CDGC - 1-0-1","49,899","52,454"
bCDHcBz6E68bv0zudlHj2o,"General Motors Financial Company, Inc.","49,760","82,221"
0frQ3UdVM8udlDKbW8IRoR,"Public Sector - Demo Org 1 - Sandbox","49,599","75,165"
dywDoeXsue2fYDwnVQReCX,Lever,"48,439","53,653"
eWCMVKjGYG9iE8biSnBHE8,"Quidel Corporation","47,706","73,407"
bYHhggfdYOMbNTkyM77qSg,Informatica,"47,630","82,103"
1YB0Z3ezyIkfrPvxfSskqC,"Public Sector - Transportation","47,590","860,572"
gnudaNkNn8bdQpIEm0syQW,"Kemin Industries, Inc.","47,283","97,158"
6J702kBus54fwSV0YGwdMu,"NSI (PROD)","47,075","50,433"
g8MhXwdOCUShL7ChcMg86H,"University of Oklahoma","46,985","4,176"
fOQvZxaAqGTd4YxuSoW2er,"Banco ABC HMG","46,865","47,613"
2H7fNp8l5QxiH8n4wPsXsr,"ISW Development","46,354","58,606"
6pq3SG0ZKsHkz5WlGKZiyn,Informatica,"46,262","76,172"
54tJE4ZZ7wpk9ZBmHhiAst,"Cross Insurance Dev","46,260","49,928"
jFL436Bc7ceki68kZNOS2s,"Toyota Industries Corporation","46,172","58,601"
695JMKUUMRybM1XgtyuWS3,RaiaDrogasil,"45,773","32,150"
gHTr1sYKWsklfxzOBplNAb,"kfang_prodadmin-2","45,719","53,674"
3Kti8iJBIjRizwr9xUe8wT,"Conmed Corporation","44,551","28,476"
cQc6bDs2b83ltoIpFUHJW6,"Kofax Ltd","44,176","141,936"
6vKUFSGIeLChYhf61EV4Yo,"Microsintese Consulting","43,448","67,009"
9MnOtcxSlL2grEdbz57DkX,"BankUnited, Inc.","42,852","27,224"
7tUkaglsS3rg3UW2B7z04N,"Guild Mortgage Company - UAT","42,523","130,336"
fVSv3lNbqSUezQuzw4oxEa,GRS,"42,435","73,040"
28UGHYlfxugcnzJxieIRk4,"Model_QE_V2_NAPOD1","42,178","54,675"
1x0XiAwlLpyeNDVdTUvLsn,"CSL Behring L.L.C.","40,620","86,081"
4pBoXCrP8Pvgi1ebr9ECEn,QEProfilingApril23US5,"39,932","71,336"
80X7EkTs4sieHjKofTNlYY,Crossroad,"38,892","48,764"
8j4ET2TK5g5b4C6kfWi1Wn,"Unity Global Demo Environment - US","38,810","25,418"
fiCsxDUs8G3irFa5Zf3FUy,"cdmpqe_v2_napod6","38,726","41,194"
6cb0JhJigsVl0fQy5iFC42,"CBOJ_PRDJO","37,596","33,017"
huJlyKHkoEejvbNasXQwwo,"Discovery_V2_US_POD1_2","37,516","353,600"
asqrquab7GjhmoKVrIf1IG,Concord,"37,078","39,126"
5XyYOsq40Q7jPOHG7jEJWO,"Vertex Pharmaceuticals Inc - Development","36,760","45,456"
90Dr2fRo8sKdKjS7iCpd8s,"Informatica Presales","36,731","39,998"
9As22MWyEQVgpglNdH1Pen,"BBT-DRH","36,583","75,943"
9gnaAgSzbCthQt7ZtZJZuk,"Kaiser Foundation Health Plan - DEV","35,480","68,208"
gpvz9alAeumcpaA6NP13gB,"Prominence Advisors - Demo1","35,168","58,444"
cnjYwdG9xexkwHCFSGw7Uv,"Synnex Metrodata Indonesia","35,058","28,257"
882rTalJ7BuhpwQfee8nUF,"Community Behavioral Health","34,370","22,954"
ahzJxgzyRAwiVPZ1q2ErY2,"Amazon.com, Inc.","34,301","34,552"
5BpdGtuYuOhijarz9pQOyl,"OneAZ Credit Union","34,142","66,140"
2hv49KiTNGbc3Rjt8T6SEG,"Heartland Financial USA, Inc. - DEV","33,889","34,049"
90bXyr9cwICcUlBlpvKh8r,"Presales-PRODGeneric","33,747","57,062"
0tPiPyCtuu0g41q6gtZ2kA,"Discovery_V2_US_POD5_1","32,149","52,602"
0tnsyIRaK2Ok4h0pvYCTmK,"CP_E4_Test","32,124","57,973"
4b8wTcnKyAshewpFB4Hbq3,"Whirlpool SA - DEV/QA","31,903","6,061"
7XzpQvblrdQkBWexGnRb0o,QEProfilingApril23US2,"31,490","32,742"
hu9taypUyUFdFR9GzOjNcv,"CHIMEI Corpotation","31,402","48,044"
8PvoBbyKAEQf0FEngsVTiW,"EchoStar Operating L.L.C.","31,041","52,304"
kExwZ80ugIikO2JgDIwnC8,"CP_W3_Test","31,025","57,316"
aVZijmiXiv0dZupIZnPtSD,"IPSNAJediEnvironment-LunchAndLearn","30,939","17,285"
6qI8Ix4GXgOjvuNgyCJmCG,"CP_E2_Test","30,898","56,466"
8AldX8iDdLcksbC6zWgLyZ,"Alarm com Holdings Inc - Production","29,517","33,541"
2IJy4wV185TbsxgFv436ca,"Valmont Industries, Inc.","29,230","41,198"
4QKwXfGtnGec6tyKkSHo2t,"qetenant1_hawk_na","29,084","57,194"
9IseUzGDWT9d3IWsZQrly0,"Allspring Global Investments Holdings","29,082","56,815"
leXZPGLgP2wguzRF5W02Yj,UDP,"28,920","39,013"
3yNd61sqpK1l5bBqrmsuSN,"OS TECNOLOGIA","28,333","40,430"
6fpXu06FIKwixD2LSdnO0u,"Indiana Management Performance Hub","28,131","32,837"
92135DxhjWechf78utA6GU,"AdvScanners3_V2_NAPOD4","28,084","44,438"
3LQa7wjpUlXjV4WRTvFgGv,"Secureworks, EBI_Plt","28,043","103,154"
1RHexznLgUxbdDbAr5fRYU,"Alight Solutions LLC","27,852","182,285"
66CLjU8eM6nbwylwMXCbGR,"Canadian Pacific Railway Company","27,183","212,987"
kfptD8uImEceIpQPo7Z44x,"Wesco Distribution - Production","26,750","29,203"
fGVw9jeuVwNglnIRufVIca,"CSL Behring L.L.C.","26,110","61,590"
dHAPMzsmZ8yjwWQvPOcy8w,"SSM Health Care Corporation","25,783","31,631"
1N0RRZaa6HThvzjXj2FuyG,"Informatica Business Solutions","25,133","36,579"
69steJ8eKlJiWhfyT2IKgr,"FDBL-DEV","24,353","31,481"
8F6ULHkjKWIb9g9KgPC5w2,Anywhere,"24,303","36,754"
9LNocoJz1KNheEZURVoeex,Hapvida,"24,266","27,642"
06x9ptwoR23jryycq6IGq6,"NDMM_DEV_1","23,791","45,490"
0GD8BDJdg0EfbuAVgrY2Al,"csi_us4_july","23,766","27,432"
5sAili0uemXk5hxazDzMO2,"Scanners3_V2_NAPOD3","23,419","34,918"
8We4EOxYkU1bYSFsoo0uo4,"csi_us1_july","23,383","26,908"
5Qe6H9LgzdjedXn0GF2G27,3418145631,"23,000","31,567"
3tow3anQ1EdlLqYE5QQ5mS,"Gilead-val","22,988","34,271"
a1MeyFqNEv7fOE3j7cSF0o,"PacWest Development","22,873","64,040"
21JGnk4P2qZf1rXVcLAogC,"Memorial Sloan-Kettering Cancer Center","22,302","34,590"
9u3ymSoBTqDcaZvGsp606V,"BI_SAP_Scanners_US3","22,111","40,069"
fXE6dHhTkuEiu9Pncy3Rai,"IFC-Canada-NPRD","22,090","40,614"
7DcksGTh5a0kA8rmnY3Lqh,"Kinaxis Inc - UAT","21,619","28,633"
5ipCXGMFUjJit5axDNdOGH,"Scanners3_V2_NAPOD4","21,452","31,996"
6FaFJlqIfTGbEh8Dtz0fuJ,"RRX MDM POC","21,020","23,454"
lYaekGctemyfG1P5u11IGa,"Banco GyT Continental S.A - PRD","20,664","263,611"
9rDMM7b30W1h2Ql0Sft2c8,"Scanners3_V2_NAPOD5","20,484","29,705"
aLWKEf5JLoteQbywrQc8k4,"CDGC - Demo","20,476","30,927"
8Rgga3oET23cgWja89PBEM,"Zurich-Santander","20,324","8,126"
7BPPNhHIIUSdxkbbxsDzQH,Informatica,"20,196","32,242"
aC99i5MSCqziphJ1Mmi0WQ,"BI_SAP_Scanners_US6","19,900","20,228"
6UUh7QOK8U7dw9QeEHK9IC,"Point32Health-DEV","19,774","23,772"
lUcqt7tty6acdYeTJXo30H,"Corebridge Financial-Investments","19,652","31,590"
6aSilS4KGgJcrsiGRtiaer,"CDGC-Dev","19,100","19,239"
6d2epn4FvpAh7A13kQikAS,"Midland States Bancorp, Inc.","19,012","107,879"
gqDwsFchoGkdq0WvODYnQW,"Mastech InfoTrellis Digital Ltd","19,011","26,122"
1D8kADwoXMmjeZBkObsDYJ,"kfang_prodadmin-4","18,859","19,492"
lXE2vAW9NC6ifUPdVGZBAx,"Amylyx Pharmaceuticals, Inc.","18,803","1,584"
7UHT97yQa4Ockhy42BnvgB,"Kaiser Foundation Health Plan - PREPROD","18,595","19,335"
3Z78WkWHs29jfLLEaw8a07,"PROD - CDGC","18,400","24,139"
afSrYk9mgo8k62ESyE6JQz,"BI_SAP_Scanners_US4","18,337","33,878"
3eYh32IdciOeNKq4hFLyCZ,"Apex Tool Group, LLC","18,165","20,476"
3BSMZ00yhiPd2X2jX8qy6R,DEMO,"18,089","18,347"
3LqSBsLTfBckdfzYyU07Ey,"cdmpqe_v2_napod2","17,934","21,642"
2r2xANzefPRe6BxiLV8ssd,"Fossil Partners, L.P.","17,889","93,822"
bLCBDsHYmSkfyZpK5rzZaa,"Banco Internacional","17,778","34,002"
6BKlo0u1bNiicKmqlUueMg,"cdmpqe_v2_napod5","17,680","23,157"
hktXIMHU2ifeoBlySRwIaZ,"OS TECNOLOGIA","17,667","24,391"
cTHkDDQ8MOqgFALFbuPY0C,"UL LLC","17,657","24,699"
61ERyoTJcfhgq3hpxS2NWk,"cdmpqe_v2_napod1","17,412","21,722"
0aukHHMmBgJlmUBuhvixEY,"Erie Indemnity Company","17,158","23,539"
1BKsxjqYUwmlc5jwzrhQAr,"Blue Cross & Blue Shield of Nebraska","17,090","32,123"
11YjctJCkzXgeeDXjKh12O,"Corebridge Financial","16,493","26,071"
0CpGkydkOyScUG5LVLxKYD,InformaticaDemos,"16,347","18,967"
0QCUloi5JSqbFeGCC4qiUp,"Informatica Business Solutions PVT Ltd","16,243","31,464"
6YVfA6u9mDAkYJamB5ke2k,"Kaiser Permanente","16,146","27,238"
45C3ovaD1DYdwvYK4tScMP,"Amazon.com, Inc.","16,118","16,189"
i2pPGZVln6JlYaXBFbG0YO,"Kaiser Foundation Health Plan - PROD","15,526","158,615"
6inyp1FQ2QQkemoflBDG8e,"Informatica Ireland Ltd","15,509","12,809"
76yKDhvhS2mdO595VduIcm,"City & County of Denver","15,404","34,133"
aMTC7DrfwAvbjLSsIB81ip,"cdmpqe_v2_napod3","15,267","18,521"
4cpOh7qTeoxg5eXcNX4g4u,"DTS Commercial Technology (UAT Org)","15,248","27,688"
1qRg8hfgcoBl4odKufWCwZ,"qetenant_hawk_NA2_22_july","15,004","4,231"
7ZyIRamAS4egyOw2p0kmmI,"Unity CDGC Deep Dive 2023 - Prod 8","15,002","25,785"
6Kxo0fai625gG8eA6s2dEp,Infa,"15,001","22,900"
lJr1hp5K3MwihBMfLeWHOl,"Yamaha Motor da Amazonia Ltda [DEV]","14,736","16,070"
aaX0hyyvDAJcYoiJ6iwXev,"Inspira Health","14,665","24,869"
8ZpHnoYzHWkh7MGWCtr1w5,"ELV-HLTH-DEV","14,489","22,744"
0zOJK3Z5bKxgqlLL0mjfig,"UNC, Chapel Hill - PRODUCTION Environment","14,439","26,647"
lLnBECtOrkSgA4CiTeQiwe,"Scanners3_V2_NAPOD2","14,392","21,932"
65xL1Ao6sCxb0YCROTZtU5,"MacKay Shields LLC DEV","14,341","5,968"
3pBES2NWb1bglNsHtgVewa,Sandbox,"13,805","15,352"
6UuNXfWFsNddV4C2DwOegu,"Unity CDGC Deep Dive 2023 - Prod 1","13,796","37,809"
1gWXJQZBJePdgAKPrDOzQj,Informatica,"13,536","21,594"
7KkstI33WcxcEQZGgYSwMl,"CDGC-EMEA-ETS-PRE-WORKSHOP-2022","13,533","19,877"
957hOGc9kPybr2dFOH2Zan,"Mary Greeley Medical Center","13,016","24,588"
kiGD0RLtx69cpBEslt1Vao,Chubb,"12,945","14,122"
4hJM0KWk91OdxHFLLCX9g7,"Unity CDGC Deep Dive 2023 - Test","12,835","40,076"
15hWOmL2PuUf05tmCoV2a9,"Unity CDGC Deep Dive 2023 - Prod 4","12,626","36,590"
avMJTsCfbuhb0Oa3qfDaEq,"csi_us2_july","12,568","14,628"
1m65FuoUROihWJzCmCHXsU,"Trend Micro-JP","12,257","15,517"
5Y2g4qIGQ4ml35824maUuG,"INFAPDI_T3","12,245","15,245"
2jCd4nAQM3PiefTn2e9nMo,"UL LLC","12,215","11,814"
2xg8xpZ0FAJci2QRyfW9Oc,"ZS Mock Client","12,203","13,912"
eflMJB1svQKb40YszPIhir,"Toyota Industries Corporation","12,117","13,878"
j3wsK5vTbw8c8Ty734nlA2,EncinoEnergy,"12,070","11,554"
bhgx9J8fqmgleIvlS9Ssst,"Unity CDGC Deep Dive 2023 - Prod 7","12,060","21,516"
9SqOgpWNv99i9ZC5LiCpaL,"Informatica East","12,033","11,870"
496299H0xjBl6fTwEIrAgh,"State of Colorado","11,992","12,133"
hSj9qMVRKIreXL45GtUpU0,"ZS Associates-QA","11,873","14,275"
gcMMynVMFotghEhmBRfaon,Informatica,"11,778","16,962"
aeLKspu42Qjl6Wnrl4sYyC,"Informatica Business Solutions","11,750","17,049"
6aDALjhHvDtkvFZl8PR1un,"BD Consultores LATAM","11,737","16,057"
1MK8iHqM48zlHiVJnvsLqJ,"GLOBE_IICS_STAGE","11,710","12,156"
2t3h9YxmWKyhnXAmqOwtE4,Spinmaster,"11,676","16,790"
awYt7C4nmUQcldO61hKkwa,"qetenant1_hawk_na","11,600","16,916"
2GMC2LXeprckBvj2uxMHma,"qetenant1_hawk_na","11,554","15,591"
8d74g69C6cgggKycOSQAc2,"UNC, Chapel Hill - DEVELOPMENT Environment","11,516","22,219"
6OtpF8xDudxfgeCjkKRGYn,"qetenant1_hawk_na","11,465","16,066"
hOf28n6s2Csf8SlXbtWWUf,"Corporate Technologies Inc","11,404","17,369"
dZeX4aMJXY2hOIeR6Tac8c,"qetenant1_hawk_na","11,324","15,548"
8NVLEpUSGmIecxeIiT8WyA,"Informatica Business Solutions","11,263","16,756"
5pzrF6wFDG3hfETDs8SgM4,"Unity CDGC Deep Dive 2023 - Prod 6","11,202","20,554"
8c9qrE9RPcGl5w4g4MmRQv,"Generate Biomedicines, Inc.","10,999","16,071"
0ujAPPL12JRgJpClTjYWmY,"Santander Consumer","10,991","15,862"
6otToSkYk0Jg8NrmFhgCA7,"Informatica Korea Corporation","10,967","17,801"
0QRa3X1tAA0kDRLVqXuK0M,"DataSpurs S L","10,884","20,830"
aUui9X4K8YAbCgIv2zvMUB,"Novamex TEST","10,672","14,484"
1R0OEGjv3vzeTl3yCblBox,"Banco Industrial","10,505","20,227"
2ctwcRsK2sXbCa8CS9rziD,UL,"10,431","11,988"
1r5ym78nzAAbAEyGtSlBGk,"The Broad Institute Dev","10,419","11,825"
1X1TwSav5OrcGou5kSoWEm,"Informatica Business Solutions","10,385","14,464"
ag8ql8Od7VqgKczJq7tCK1,"Informatica Business Solutions","10,285","14,216"
2cV8SQVlsYicXydmq2RQWD,KPMG,"10,137","10,841"
0jLOJug7MuYcvbMCv2nEWk,"Unity CDGC Deep Dive 2023 - Prod 9","10,060","24,900"
4GhmVJjxIrkboGc1NqrV4G,Nubank,"9,846","12,157"
f1RkCFZafUMcZ74mMzlGEB,"qetenant1_hawk_na","9,813","14,392"
6j89lsA0psQfxt6WOGnYoI,"Unity CDGC Deep Dive 2023 - Prod 5","9,713","23,347"
hsOnIN6MTEufN13cBICVYN,"ZS Associates","9,620","14,363"
iGefnn2sAmxbnCx8WdS5mb,"National Interstate - DEV","9,531","21,418"
fFU8zRAI22gdV3e3rRQCIZ,"Unity CDGC Deep Dive 2023 - Prod 3","9,506","16,653"
0LpIRdX5IWegXjGjV7sKqG,"UL LLC","9,434","10,741"
2v3QLNVRHLwfxeCj2maYw2,"INFAPDI_T2","9,434","13,524"
eCHSt4uoAgGgMqFH4leAuZ,"Informatica Business Solutions","9,427","13,940"
43BiHlYsAsziwkJsVdM7ef,"nVent Management Company","9,425","15,412"
7xkNcSFxJGNcioL1snjdG7,"Unity CDGC Deep Dive 2023 - Prod 2","9,416","15,286"
4n5OmS5ShAxe74ULSAtvEb,"Informatica Business Solutions","9,413","13,238"
7XDeH51S9wWcnnHBDvoaqR,"Informatica Business Solutions","9,304","13,130"
hzVDJYf9pAWjsc01PHaPoI,"qetenant_hawk_NA5_22_july","9,121","8,235"
gNTv1eqI7snkvvhxV60JEl,"Prod - American Equity","9,100","10,790"
3BW9aq7pxyIeOaDPD1Snah,"Unity CDGC Deep Dive 2023 - Development","9,031","19,688"
j0oyYABK0C0ifi3LKinT2V,"Securian Financial Group, Inc.","8,985","21,124"
4sJFwD4ZIAVgJry9rbNSyB,Capgemini,"8,940","11,315"
hqNWAhGEIE6i0p4FGLX50I,"Bissell Homecare Inc-Prod","8,912","16,001"
14OE8Ubfjn3hVEPeDkyhyB,"The Hillman Companies Inc.","8,726","12,391"
8K2QnDpU7G8ing2kiNM6qT,"UNC, Chapel Hill - SOM DEV Environment","8,642","2,142"
2tR4xyTGlbVf5vWpniSPUj,"Informatica Business Solutions","8,575","12,258"
dSiSX0aWy2Zhm9QZgqBysy,"Republic Services Dev","8,552","8,749"
eHtP75z6RIMkZ7My8ao9OX,"Bissell Homecare Inc-Dev","8,489","14,114"
8Q6VeClT8EycamqXwydJ2N,"Informatica Business Solutions","8,485","11,978"
6rO4NILDbQDb2HDBYHGQy4,"CTI-MPA-Demo","8,380","16,111"
49RMbK21dK6d1SMilzWk0C,"Informatica Business Solutions","8,364","11,819"
aFHdT4soMYhehx5pj1ebuA,"Powerdata LATAM","8,358","10,176"
20TSK7cFvyci75Har9ZR4R,"kfang_prodadmin-5","8,157","11,095"
gtnGpEWLSYRj2B9alxmXaU,"DE - CDGC - Unity","7,982","9,112"
iULGAx1eMGrbbHHa9D0A8M,"ODIN2_V2_NAPOD2","7,886","8,479"
4BZ5kFHV2mWkF2TH91Pjyw,"Florida Department of Management Services","7,876","9,457"
jstuUGngEajj4wM4USFhCM,"AWS workshop","7,735","8,926"
36jjRT4rPjYjxC9Dm6OgcS,"Securian Financial Group, Inc.","7,568","17,928"
kcCEEI8936Vb9y1H87mHqK,"CDP_SubOrg_TomOswald","7,553","11,890"
6tpa0knxqgUkNPML3ZkMk8,"Accenture_CDG_NA_Demo","7,523","7,990"
2fdZ32241qejeZX6SqQs8Y,Macromill,"7,507","7,624"
0X6tkT2J6kNfIOcca7NBMj,"Santos Brasil - POC","7,357","41,077"
8CcIy83xQ7ulFAupkrwm8A,"Fidelity & Guaranty Life Business Services, Inc.","7,277","3,820"
1OR3U1u78D1djtBRBbi6gY,"Carl Karcher Enterprises Inc","7,272",9
2dRKKBnmtNSfmrO3BPF7gG,Informatica,"7,057","9,334"
7ymSYWSdHqygc0cJETo9er,"Admin_IW_gov_25","7,000","7,013"
4pTWrDaJEuZkYmjUbZRdWO,"ctc_dev","6,995","10,938"
7HIKJP3fysTjw0r2EX1G4L,"Afni Dev With MDM","6,813","14,232"
5GNKVcB5xKNeEfXOL9rbit,"Discovery_V2_US_POD4_1","6,803","10,403"
eLN2DiErsSDdwHeaqQVjCf,"Fidelity & Guaranty Life Business Services, Inc.","6,727","3,514"
1NY99qLD2UKd6sqpyxsCQS,Informatica,"6,695","9,188"
2bFJ3DxoqOglqBehLWlm0g,Informatica,"6,588","6,400"
6BX9nuq78cRcGkN2MwVYsh,"CCD Data Engineers","6,525",21
lThX6BughEdkBkd0z3wqaK,"CDGC_V2_NAPOD6","6,508","7,810"
k0HMrIvUGoGb7ku4DukYgC,"Marathon Oil Corporation","6,506","6,800"
9q5zFzzkDZJiFoDE1eDDCV,"Unity CDGC Deep Dive 2023 - Test Final","6,491","9,796"
9SIPOQ0x16OlHf686Vf0E1,"Horne LLP-Test","6,441","27,829"
33pv2FN99QhlNE8uDYZ84f,"Total Quality Logistics","6,339","13,763"
eNcMSUtYVEqcCgpXOtFYct,"INFORMATICA WORLD 2023","6,265","10,537"
8ggJHvks0yUfb0G3pPKVke,"Komtas Bilgi Yonetimi","6,264","8,664"
0GCEjVpuPEWjNceBFLcYWW,"ZS Associates-PSR","6,208","7,560"
axLaVDmpxxSfUQzJq1s8wn,"The Broad Institute Prod","6,139","6,992"
2fD0URlNcuFfj6fdli77oA,"Informatica IPS-IDC","6,083","11,418"
1OCuWMADWW8jkjZaW5bxab,"Secureworks, Prd","6,034","6,880"
7rpdQk7FrnniQ9bE0Halk9,Prototype,"6,031","7,599"
759ta59ElaajmM7754IbO1,"Sirius Computer Solutions","6,026","12,330"
kMYQRcBsE0NfZ0n1yeraGD,"CDGC ESG Reporting","5,845","10,143"
3XtD8t7d9eacB0fh5dm967,"Afni, Inc.","5,713","9,126"
28lQMqV90QsbhJz7k2XMO7,"Tatung System Technology Inc","5,538","8,609"
2JO2gf7B4zVgN93TXuufIn,"CDGC-EMEA-ETS-POST-WORKSHOP-2022","5,448","6,273"
i6l6bNxoGg0hDUfuy02Ue4,"Scanners_pod5_QE1","5,419","4,895"
2pg3qk3MjIwcWJAPKegw4h,"Canoo Technologies Inc.","5,285","5,256"
hx6c0W859cIbcKAo0xxE6A,Informatica,"5,278","9,029"
733kp1OrLA1hoSNzTwmlEX,"Quidel IICS QA","5,107","5,553"
aLOnwiFpQIDkp16FC22MuE,"DEV: The University of Texas M.D. Anderson Cancer Center","5,083","7,555"
bnzpglHZz0ddxEGclsDSa9,"Right Triangle Consulting LLC","5,024","7,436"
dApeveD8r62epHWPG4Kh2I,"CDGC Deep Dive Testing","4,877","11,707"
22iberg6A7okqZGuaV6smO,"APJ AWS CDW","4,825","6,386"
3iuvTFMAwQKdqmZrpNnKyg,"Harvard University HUIT/TPS","4,719","7,930"
4hggAlOKqWVlWMrB9cghcs,Informatica,"4,697","8,660"
4fiCDsC9bQgiTUoXpRTqws,"IPS Wave for CDGC - 3","4,644","5,263"
8tQg3QtnEUDhHPJdPzmgUp,QEProfilingApril23US4,"4,639","5,875"
kv8Kcgolf0VdDyElXf6pQN,"Informatica Business Solutions","4,622","6,836"
3QS4COrWmJFlHURvGlk0OP,"APJ_cdgc_1","4,356","4,962"
1UNYXERgkQxkkq5zlORB4B,"Abbott DEV","4,326","2,558"
jupFrW9EM2ycSUq48QRPAK,Informatica,"4,321","4,887"
jdO3u4XKdcMfB154tFHRcS,"mkg_job_napod3","4,306","4,853"
8DzeSu0O67AiG7bIRa4eoe,"mkg_job_napod5","4,300","4,962"
aMRY31vacCPkbSoqxdNGQa,QEMKGApril28USPOD1,"4,295","4,846"
fExQdv3oigfe55qGnqXAsL,"mkg_job_napod4","4,290","4,897"
0DT7qEwUJLkc5xF5hF8EEI,"june23_mkg_job_napod1","4,277","4,840"
6Ul3uFHoSr4dOE27J0K98O,"june23_mkg_job_napod4","4,277","4,841"
3gV47nGEtvvhxKUiJweBmI,"june23_mkg_job_napod3","4,276","4,840"
7fjEEsqzeKIbaYlpCoikYf,Prototype2,"4,269","6,123"
9QlwF75xEuolgJait0aPkI,"june23_mkg_job_napod6","4,240","4,793"
2bGHpCyvK5rfr1gyIBB56w,"Banco Aliado","4,212","5,744"
kWxTv8nY2G1hdthAp9WkE0,Informatica,"4,203","4,321"
2QZvi0iPV7JfUPR4umD7kN,"FLDS-Source-Control","4,082","4,722"
4ntFk7ImFeUdJtgPMai52T,"CDGC Finance Demo v1","4,047","8,976"
6T2TyG7y1lai2OaJ9eTamX,"CDGC_V2-SM","4,021","5,936"
5eYwZKySmU4eeevWms8MoT,"National Grid","3,949","3,556"
7hbAZxMefSedQSQ29bggaO,"ODIN2_V2_NAPOD6","3,943","4,382"
6u8DfwMf2R1jMro9btf4Im,PDI,"3,935","3,932"
lgGWHporVELfEp7qEYrq8u,"ZS Associates","3,882","8,747"
8wsy6p5K0fgkNYoGGnxhCq,"Horne LLP-Dev","3,871","6,255"
13u9mHqgwtvcBFLLWlqsIp,"Benaka Harish","3,844",341
16pOr4qMQcVe1aA0FhRRyl,"Saracus Consulting GmbH","3,801","5,138"
8qQIYdp0244jFpPSvANCCe,"VR Beneficios e Servicos de Processamento SA-0","3,661","3,980"
32xwYyonmPydLz6sPDI2Ko,"ACE-CDGC-Automation","3,642","6,130"
51V68UE5mTzeazf6AFIRAX,"Unity CDGC Deep Dive 2023 - Prod 10","3,622","6,674"
2P9Sul3yoovcnaPpZzL6Wx,"cdmpqe_v2_napod1_2","3,565","4,306"
cwfflxkda6oevcl9BqLxqz,"Unity CDGC Life Sciences Commerical Demo","3,559","6,222"
3lnBSHX0xJsewK75n8l6eF,"Claire_Unity_NA_01","3,546","5,292"
03MNrGqMyNAe1rZkm01NEs,"VR Beneficios e Servicos de Processamento SA","3,515","9,603"
65JcO2rGFC9d9VNxKCACqn,Informatica,"3,514","6,854"
gtUqeyeTykmkbpQ1bFFKcq,Informatica,"3,500","3,263"
e2vaZ8WanQtjRpmYwQRwAl,Informatica,"3,449","4,022"
aLxUYnitKtrbsUzQhAn82j,India,"3,396","3,555"
8x5W8EZdW6fj07NfNUHuQ5,Informaitca,"3,387","4,143"
iLWB8E56IYLhG4jsPjDZ8b,"Vivek Sandbox","3,371","6,905"
aEP3q0CiKcDbLnElMVc2GF,Privacera,"3,365","3,685"
3IGEQwTg6MTkaWgVikLc29,Dayset,"3,355","6,811"
7Oz7Y2bkyK1kTQwwvJdYoC,Allergan,"3,209","4,394"
0q8I6irf4VthyUWF5Ejcap,Automation,"3,154","5,858"
1aXX0MPoiSagKt69WsQ8mm,Informatica,"3,138","3,909"
1oaaJBJj66veV3ayV0lbyb,MAINT,"3,136","5,943"
8FYQ1pplZGmeJcsGbCcOoo,"Echo Global Logistics","3,077",175
ctQDACSGbypdS21yNDtHEI,"Demo workshop","3,038","3,036"
64getQ84RVEhobR13eCP2V,Informatica,"3,030","3,713"
9zgwEKTGPc2g4yVwquYd4i,"Model_QE_V2_NAPOD5","3,008","3,129"
eIgbK4AIPCdekZKFlGcWyg,"SEAS Team","2,957","5,079"
99lNu3qgY95jMAfJktv5ch,"Comerica Bank","2,939","2,563"
4sNp1snja0jf7OjiHi2nAS,"LumenData Inc.","2,930","2,720"
d1gj2sikcyVgRiv735dLAU,"IICS_LAC_DEV","2,928","3,971"
6gAFCE3rfiTkfHiyviD1gJ,tmhtc,"2,908","5,282"
4BVpZeKoKijky6HgtFPlwz,"cdqqe_v2_napod1","2,849","1,671"
2tIlZG1cR0JfiPdaFEAOWv,"GCS LATAM","2,824","2,617"
6gjqjk6rwFplDuLDhJjxGr,"vinay_suborg","2,816","4,333"
2P3wLMY2caFfq5svxs6Gaw,"Informatica-Aparna","2,769","3,675"
1WfMkWaGPEUdEnwnE00GoD,Informatica,"2,765","4,684"
2EPAmTiqGYEeWptdTQpiSt,IPSNAJediEnvironment,"2,740","3,164"
47txPkGp6Tzbm0atRlR3Iz,"MultiPlan, Inc.","2,738","5,843"
08bTCojLN41bAtTZ6nia6W,"IPS Wave for CDGC - 1-0","2,733","2,463"
1LN8vezKB6Ui79G9yhVPaO,"Inter-American Development Bank (inc)","2,702","221,814"
0nxP0DTb9qZcB2cKQAijyx,Maint,"2,666","3,250"
8Thcgosywl5l9APmkhvwsF,"cdqqe_v2_napod4","2,616","1,743"
9wWzpvr1yYyi12QxIZjToh,Informatica,"2,597","3,120"
5pS4EvHUZ28e3pR3w8rh6s,Informatica,"2,573","3,153"
1kMytmP2wN3e7kaUgtp64a,"cdqqe_v2_napod5","2,554","1,756"
9HDpul74dTkeCKqJRzReO7,"cdqqe_v2_napod2","2,554","1,603"
a9d5HuYdRmgcWuDyjJEtMV,"Ergon, Inc.","2,539","2,585"
3vi1842r6sMfCvUCt3agyF,Informatica,"2,537","2,875"
5QtLDWxUsX9lrapxTj1miK,"Informatica Business Solutions","2,514","2,888"
4LQcpolmqepeVPdB43cGiU,"cdmpqe_v2_napod6_2","2,504","2,950"
6atlTwhH1ENfFaTwtqbW2b,"Dev KPMG","2,489","3,200"
0nfCBGBhqOYkDn4oSoZgEa,"Informatica Regen1","2,484","4,517"
i6JWMX5370zcxgxG4P00aP,"Shaw Industries","2,459","3,087"
d0UMtGPRaGWkIyba4qo6sh,"MARS Incorporated","2,443","112,396"
1N4amAIFrJ8lPPZRtSTnsa,Informatica,"2,442","3,105"
7eVjZ9arR49i8sXVU9R8sA,Informatica,"2,438","2,952"
kyHlICKUJulchvg4kvFNOm,"cdmpqe_v2_napod4_2","2,433","2,851"
5zzhbI4VJsmdEMbLO1ieCV,"MassHealth - CDGC - Dev","2,405","4,279"
6y0ovrXPhrpewCFzW0BSYr,"Flexsteel Industries Inc DEVELOPMENT","2,392","262,578"
8xM8evze63zcIZ7ZeHpYIE,Informatica,"2,390","3,099"
8LaBp2zPCHAke83OBdSX8L,"University of Illinois","2,363","2,036"
93R7hu9CtWBiNpoYPbjT4w,"JCI-PLM-DF","2,324","1,257"
6jxWJk85QSegrbc5ctSPOa,Infast,"2,319","2,298"
365HYWFGLpFbBZ9IOfIJqR,"kfang_prodadmin-1","2,307","2,833"
2GG80EvP5a9k71dqcjCwAK,"Unity CDGC Healthcare Demo v2","2,292","3,961"
8psue47nG84l5WWRRvqs2q,"hackathon_suborg","2,266","2,320"
78lHla9hHlfkHIgUUopvUf,"Scanners4_V2_NAPOD4","2,219","3,216"
9GjNndq4ihMkAHf37f20Ca,"Discovery_V2_US_POD3_1","2,208","4,880"
bzoqagGafyChoD86r16PSK,Informatica,"2,139","2,596"
leLCNWRq2Gole69GsP0xcw,"KPMG LLP","2,110","2,904"
23ha5LyHB2vlSYoeKH4iGz,"CDGC_V2_NAPOD5","2,038","2,455"
8YCnEBedk5Qc2ztI3VBZyW,"ADT IICS EIM Dev","2,019","2,427"
6xpyAKZM4xejThvTXaNxSb,Informatica,"2,015","2,082"
6wEMiip8pHDiOQPTepZzK9,"PSNA Data Ops","1,963","2,639"
1mbpxR5E7GzjVbMMfXlA0k,"PG4 CDGC","1,940",309
05px3IjoHcAhyB8Pj5fKif,Sura,"1,909","1,747"
c21HTn8yB23fom7PggLFoQ,"MN-Suborg","1,886","1,875"
fAH05NsidOpbWB0gzZ1vOo,"CDGC_V2_NAPOD3","1,883","2,095"
l9ShPYV2RUSdqWKnNed6mr,"Johnson Controls, Inc","1,861",284
ifxetMREsCbfckCoEPHZyy,Informatica,"1,825","2,678"
aLFh1gf7rVmiTXJLVZgS29,"Nelson System Integration","1,747","3,009"
an9AmK9SvWGbfXRnrfF1Wo,"Banco GyT Continental S.A - DEV","1,730",125
gzPUmlvbhMOfDwD2UT0dmv,"Vital Farms","1,699","1,545"
11m9ZfLnqbmbqSDZOQN10D,"IU_CDGC_ 20867_Suborg02","1,697","1,753"
8nGDZb1RcJMfJmlkRkFBsw,"BI_Scanners_US1","1,689","1,866"
8isFqXaF8ejbDtodIle0oc,InformaticaPSNAWest,"1,684","2,323"
3npaacJv5lncniY7Ll9fAE,"Pegasystems Inc.","1,665","1,943"
0NLg7QdgDUzdxTYgUEADgj,Development,"1,639","2,459"
2y9r5R5DN8vjq9E8oQ9uAr,"CDGC_V2_NAPOD4","1,638","1,812"
5EK30kn8ZdldqZmwswRRiC,Gavilon,"1,636","2,410"
aAWKHz0RciRgF6FKXuFjsF,"CDGC workshop","1,631","2,532"
i53xsm8KhQWe33aAa15HW0,"State Farm","1,616","2,073"
lXO8jZcu42OeUjJLy9pzsF,"University of Illinois","1,597","2,003"
0MWauTU4qPddmTNClfPYKZ,KPMG,"1,592","2,392"
gL1EoQpHKAzgQeUajdy0si,"Alarm.com - Development","1,570","2,091"
460Yfff3UTHhCM754HAK6Q,InformaticaCDP2022,"1,546","2,296"
bvb9auPQmqDi9IFPUdPzAO,"Kemin Industries, Inc.","1,539",227
5YLN5mwTEzAcIz5mlSaAcB,Infa,"1,521","2,254"
25joowPJfx2dgddEM4gmSt,Training,"1,518","1,451"
261UUmjzxqylyPyxIbbasA,"Johnson & Johnson Services, Inc.","1,514","1,501"
8VEZZVJCpsyeplhojvDwEL,"ERP Modernization Workshop","1,502","1,672"
l7wRz5OLOoMcii5khMXhab,ASP,"1,469","2,880"
kYTQ0GbvHGXjIbQLmwcmqC,KPMG,"1,464","1,837"
0NkTL8mYBgVdeg6CtGweA0,Informatica,"1,448","1,777"
0FQtpawhHOwcVykvETheuf,"Infa Demo","1,438","2,035"
3JAgamuGYNtgYXiglVSHs5,"BI_Scanners_US2","1,436","1,506"
9WWo4jBmpkydv8r1KVM1aQ,Infornatica,"1,416","2,266"
7J1dz5r2dpceuxSt5Lsmcj,"IU_IDMC_Overview_CDGC/CDMP","1,409","1,877"
3UrkZEaHiEwgl1g748BdCJ,iLabsCDIOPI,"1,399","3,114"
ftDc2HtCyQzbNxqCxj1c8t,"Banco ABC DEV","1,377",74
e9oOaZj2zMikO4SAQK7z8t,"Shell   Netherlands","1,364","2,264"
3a6SkkWvbcQbU1lfmH8t6b,"CTI-Higher Ed","1,355","1,495"
i9c4pBSJy6pfi7hPFK9BeM,Informatica,"1,334","2,184"
9AlawHlILuxkNoZ2FPGHOb,"HellermannTyton Corporation","1,319","2,607"
4EtToNAzBcpgmLe9Zh70yb,"informatica_df99","1,316","2,194"
6o2Tr3X885FaZZPaXvrJUj,"CDGC-FebTest-Group1","1,296","1,219"
6b9b7E58FPdfasmMmxknUX,"IU_CDGC_20550_SubOrg1","1,294","1,395"
7KpTLrTQNy0l7F5sC85dg0,"IU-CDGC-Sandbox-Vern","1,293","1,012"
gDSHP2kefkIlsM0WsKDBkn,"NYL_DATA_MGMT_DEV","1,292","1,258"
0nl5354TKvOkopaQtC4huz,"cdqqe_v2_napod3_t1","1,287",883
jUWm3dybFm0cAVLfbS3MmF,"Japan Cloud Demo Marketplace","1,274","1,266"
fHcym7GDxUJlGWpNCKzhEj,DEV,"1,272","2,349"
3xWLVHTluqYe93RqNg49sv,"IU_CDGC_20205_Suborg01","1,270","1,360"
hpTe0TvZAIJjXxxeoVznGx,KPMG,"1,249","1,624"
1NwzyCuQlrvb4modtwjISP,"National Interstate Insurance - QA","1,240","1,064"
25xbsp4ArfhipR3VSC7XuV,"HARPREET-CGDC","1,237",646
jbmLLQOBa0Dhla0m0F7EUx,"Texas Health Resources","1,235","1,856"
gSyDY93WkiFdcmMPgkGqEU,"Public Sector - Higher Ed","1,226","2,429"
gnoShow7vwTbE1gMmu9mkL,"XtremeData Inc","1,225",762
kkP7s6SvbWUkMKUPvfwsyB,RMS,"1,217","1,457"
4V29GgyvYaLb6CtZAoxuaP,"The Pennsylvania State University","1,216","1,968"
9o0Y1S2D77ak643hkZene5,"Concord Music","1,212","1,849"
d9kCXOgzM6AiDNgulVZKqd,Unum,"1,209","1,971"
5qjTqzf9WK4kQBZs9eQLyS,"CloudDQ_Training","1,196",543
aIPFig1uioqkLA10PGd7I3,Informatica,"1,193","1,551"
dKBWD4meWaCf4k4tV3QrCK,"IDMC-CDGC-ADMIN-STUDENT","1,190","1,217"
0Cr2nEhbUQ5gNM3R5EpLoj,"Fidelity & Guaranty Life Business Services, Inc.","1,174","1,651"
7l1c6u5K0P2lsRUEGE2Y6I,Informatica,"1,171","1,594"
2bmNigECH4KceRjuVhrRak,"cdqqe_v2_napod3","1,170",808
24AZ0afhxu9kQPsAiECNUN,"EMEA Central","1,169",987
jBJMYUAMGALjYcrAXVSpgg,Anonos,"1,153","1,233"
aX5yJVt5STsgdYVptzFvCQ,"Informatica TX","1,147","1,472"
98nPPJalemgdyIYJOC8BkQ,Informatica,"1,145","2,451"
kRpEtWKRVklgaKxuHARxwm,"ADP Post","1,141","1,457"
3XAOXbTVzVQjgZ9TpQ2Csg,Informatica,"1,132","1,643"
6vyRSVbkT25iuxb3VSrKsL,"GLENN TRAINING ORG","1,127",449
00EimqY8DQrkvFraRk1Pg0,"Informatica CDP APJ","1,112","1,516"
4VCc0sgWX0AlWDWuJdAR8j,CareSource,"1,107","1,496"
5eqFhzSauCNdoykPGooK8z,"KKR  Company","1,085","1,585"
6ACu1U7uNawcHTFWy3abwS,"Unity CDGC Workshop Post-Tenant-v2","1,082","1,779"
56ZCrIybagRhmRk7nzEa2k,Informatica,"1,077","1,417"
fGZ9EWH1gyUkfQbmn2I3Wn,Informatica,"1,075","1,806"
4OrA8cWfR0mewqRNuVqfQZ,"Informatica Natasha","1,074","1,493"
1ecMvUd22sTeItZcbby3C5,"IU_CDGC_20119_Suborg1","1,072",840
eIUngHK2AmvfseNwRutQ0s,Informatica,"1,069","1,421"
0gzfvPKaZoslrkRILvIwgx,"Informatica LLC","1,068",894
1QnfQmY4V1KbJy1f4HBaGi,Informatica,"1,065","1,439"
0SVZHMygtCsh1LgdzwMNO4,"IU_CDGC_ 20867_Suborg01","1,048","1,065"
3J9NoOgskDWbhYfPPg0mIo,"CDGC_GROUP3","1,045",829
ktCi4v6sdOHi0WT36jZ7eD,"Mohegan Sun","1,042","1,395"
cRfTqoX9hAGlPteaWYXqSt,Sanofi,"1,041","1,423"
8A79ZoLQvhBh3FB0HsE2gE,Radian,"1,039","1,642"
a1pSPuLSRSFlPNzz4JvS20,Informatica,"1,037","1,390"
6tyFrT6hlPpkhH1wC8UXUJ,"mkg_job_napod2","1,019","1,555"
9NBFg9ExdPkfGTUiBjxhib,"Japan CDGC Hands-on","1,019",638
a5JP9mDhH2HcB7zl3RooEp,Informatica,"1,018","1,330"
9ieF7JP6NV5ho1iSE1Zks0,"YPF - Sand Box-Dev","1,017",845
dYM5FnJ6TkafNOLnHqVliN,"platform_na1_qe_25Jan","1,012",9
9Ip2VN4hLQfk3lyousmtYx,Informatica,"1,003","1,327"
3ybFZQg6DKff28tchHvQAr,Informatica,"1,002","1,290"
3GQaX7Tb2ZXeoA3CtJ0g00,Informatica,999,"1,259"
76XKnPb6e0GcIyOu5Lt2ks,"Teva Pharmaceuticals Demo",997,"1,551"
jaz70LBLqqpc75XulwBsED,Informatica,996,"1,562"
9CPvsWk2m82kDmnjeq1DsB,Informatica,993,"1,366"
ltrYDzKYbQFjlS2NHA2gOp,Informatica,993,"1,402"
jWhY1QgsKuDhEwy1unDyIW,Informatica,992,"1,404"
f3XJtT1yaI0iySZPKf8jKM,Informatica,991,"1,506"
8vtRrJNNhmQgikZmMargwz,"UNC Health Care System",988,"1,414"
9WhytGeBFOWbGWoW5qZdW8,"Concord Music",986,"1,527"
9o5QPdiFIjbcLNYwxF2XUt,Informatica,979,"1,354"
cqd5dumWZOWf4btHCYViu1,"Informatica-L2",972,"1,285"
5J8dk5lDlIwb59uQY4GKOx,"Wells Fargo - WIM",957,"1,342"
0ZhFPGwlroTjFOWWyk4vig,"Cloud Data Quality Training",955,144
0aL5n93mMuJdyo13GgpRkH,Informatica,955,"1,402"
1vLb03ny40ClV4tKLv65q8,"Informatica.com",951,"1,356"
4upKDrAtsH2fxmf8gNMCOH,"BI_SAP_Scanners_US5",950,"1,107"
9UDAJKq69j4lzFP7cyc8s0,ORIX,950,"1,333"
5GCKrsSCD4ShsXcieDCVck,"Model - American Equity",949,809
63UBANzJgi4bDPfiydpNgv,Informatica,947,"1,304"
i8ohHBA9kuGgdbfwQU3d8N,"CDGC-Workshop-Post-Partner",946,"1,336"
2iiKrxIg7G1lOja5KTliie,Informatica,944,824
a9bE7J8nispeDRfSXAd5gd,Informatica,942,"1,280"
aEv9KhRa9E7bRX4tZs3aYu,"CDGC-ILT",934,"1,339"
9os3BUwTFnbcm1XXzwyxaV,Informatica,931,"1,309"
j0zYzUFYsgdbnYaTBwJxA0,"CDGC-workshop-Daimler-trucks-posttenant",928,"1,270"
jKoM0lnlkAwjtwocSjtUuO,Informatica,925,"1,214"
iNiMOVf6DIGerhZaSr1ceo,PCAOB,923,"1,294"
1h4Ywf62wo1f9lZATxmDOm,Gavilon,921,"1,289"
dfcaazMBTgAhi1XHewPvcv,Informatica,921,"1,278"
7fZBFngdCCfkjcUEICgPWk,"Cloud DE Courses Demo",914,966
23f1HjOvEVMfV3uq2qdeWg,"CDGC_GROUP1",911,669
lc3T8F2a50NelJnDTEWueN,"UNC Health Care System",911,"1,371"
8nVYlHDo5QfgqZA14zPvKI,Informatica,909,"1,179"
5DgJqDVvWvZjPTdwGxO5eL,"CDGCA-Org2",908,662
9wXMatmtU8jlJA7FRfECu3,Informatica,907,"1,188"
aOLaOFvgwPnkReWd8J5s2E,Informatica,905,"1,188"
hgKUAL3zzK2jMn9dqIUsIo,"CDGC-Workshop-Post-Husqvarna",905,"1,321"
2QXHzwaTjGJjjXqz8XtsYl,Informatica,900,"1,230"
71lcZBvHBHCew03ZypLDYW,Informatica,897,"1,215"
aGIVsWcwbUFkVUWivgqKuJ,Informatica,891,"1,340"
5O4IX4h2GUGlGDpOK8RuUK,NumentIcaDemo,890,868
9ng6l3ywTfHjKA1fsqF9S7,"Mohegan Sun",883,"1,237"
iNUuAlFxwsRbW8lQK9HrIY,Informatica,880,"1,166"
lcSzFwtqdSKiLQY6wtxDwn,"Commercial Cloud SDE",880,846
gKZPh06i9idlXAsdcsJl4P,Informatica,878,"1,174"
28jQPEkn1iGiRoCfG1R2SE,"Informatica.com",874,"1,154"
2HTRFOqjC0pjSyU1fbzJiC,"Genworth ",872,"1,246"
4cA9TRHWDLqbiPzLAHLtCe,Informatica,872,"1,211"
0aVEBtzUuJsjeNHBkBZnG4,"IU_CDGC_20171_SubOrg3",871,678
9v6ZipYmmG1itj0T5Ov2if,Informatica,869,"1,234"
gTiJ5pz4ku1iUjw4fr5zAU,"IU_CDGC_20212_SubOrg1",867,757
6o4d31aaRw8l4hlavmE3gc,"IU_CDGC_20171_SubOrg2",861,667
0MRjSQa0Hesj8TS42Pxf01,"JEDI-AxonCDGMigration",858,167
4Ov03lQ5ULDlzNY3aosC8L,"Austin Community College",855,"2,103"
jP4cZSMuRI4daPTbxG31mG,"CDGC-test",855,"1,261"
2UpiLq48YDTl1nARSo2FCc,"David Wiese",850,"1,414"
5q2oUnENj8OgYprwUzQbco,Chevron,850,"1,142"
0P84b0D8LH3h41n5HJiT0g,Emblem,848,"1,221"
2LBazbAsmESgR0R8XmnVyO,"CDMP-20549-Instructor",848,853
ejRBMSfehUrjlEsa1JPJeh,"Emblem Health",848,"1,221"
aEOSwUyo2oyciSaAtPUna8,Informatica,844,"1,303"
ayokXa0ITS3iAb8xwAvMKo,Informatica,843,"1,274"
44tgbMIvRzLfahcVvpTE2V,"IU_CDGC_20119_Suborg3",841,507
0d3hLyyRAnBhmtKyMe8isH,Informatica,839,"1,237"
1s8BJH5L2wvktxGgoFTVMN,Informatica,839,"1,400"
coszRBIY4UkdacjqtGqfEm,Informatica,839,"1,275"
g4QxBliAYWJdsjqsfvqa8b,"IU_CDGC_20550_SubOrg2",831,722
5849QHbObJ0cCf47dUaagI,"IU_CDGC_20119_Suborg2",830,494
12utjNtKw8riIH6msppmYy,"Informatica ha02",825,"1,282"
88IoNWcdpYedmIaWeca4mM,"CDGC_GROUP1",824,507
dJ7PtDhFF2dlJSAlSTeKi5,"Plante Moran",824,86
bh80qQuLwyld93aWGLCDQe,Informatica,822,"1,252"
96IGjOzVRPeiEDTDM7YNob,Informatica,811,"1,273"
9XWciHgSs8VbbpPqoY9D6r,Informatica,811,979
5ZxyFOMQbtpkHXrWx9FkEB,"ADP Pre",810,825
aCndvWlXhuRk67WEmIeHcl,"ncfs-1",807,"1,231"
7Y6RQOwg2GycJbyCF9jdM8,"CDGC-Saint-Gobain-OP1143667-post-tenant",805,"1,101"
6AUHFIzeas3gf8xypwEgOT,"UNC Health Care System",803,"1,254"
0OvA3scKMojhuJ4sLwrJ4W,"KPMG LLP-Sandbox",799,684
1352VUsVY5cfB5BTbou62N,"CDGC-BU-1",797,"1,221"
0dlq8PRA7TQfTafFXzafwh,Informatica,796,"1,234"
3AuR6Lm4NSob0gHAs1Kl6C,"UNC Health Care System",796,"1,224"
6dhJm9FCYcVlAXu8SuDNer,Informatica,794,"1,245"
6EF7AQE98Dal6JioDOk6GF,Informatica,791,"1,228"
9jM8hiEda5JbqrpyRasTgf,Informatica,790,"1,229"
0txNOthDS2ndL3GQbR8Doe,"CDGC_July_Abhi",787,688
fo6v7N6wjmadZvkCRv9OE8,"IU_CDGC_20550_SubOrg3",782,628
1PwzdBdDSiVlSfQkUusSyi,Informatica,781,"1,041"
5ecC8gJQCgJfMrq7dFk6Qo,"Informatica Corp.",780,"1,150"
6IuS0kx7nRnlEp6W7DSsYw,Informatica,780,"1,224"
3BxTepKxCYiixC1HBIo1Me,"Texas SOS Pilot",779,665
aPr8iMjAxF5coPJqsHvcqN,Informatica,778,"1,187"
37AaBPO3arriE965Bdo54h,"IU_CDGC_20550_SubOrg4",773,691
53Se6IC2tONex7mY02Fp4Z,"CDGC-OD-backup",773,"1,192"
23uWqSl1Uc1i9gz609rK4u,"Informatica_MDA",763,"1,185"
ebzzZbNXBAvciHy16GRIQP,US001,763,"1,023"
8JJcX2aGlwrbBUY9FKxNkB,"IICS-Ajay Pandeya-CDGCAdmin",761,688
ehBK9IzsxWUc8xP4CSJbai,Informatica,758,875
hRAXMPFjBIVbnEsfumoS01,Informatica,755,"1,173"
1sAevAuz0Igh2kDkO8JKQB,Informatica,748,902
3ejyKGeniLUkKw61i4vYEP,"RS01_V2_NAPOD3",744,328
94tUrjZWsU3gvGOSgESMMm,Informatica,744,719
kWSkKJKbauwi9ujL2cjg0v,"Scanners4_V2_NAPOD6",744,"1,178"
bTWqD6ToiUebP8CLhvA3iI,Informatica,741,875
4pfNBJn2lgwkSsrEgbRlCu,"Search_QE_V2_NAPOD2",734,815
etxnsfyVMKUhNHdp2Daaka,"Search_QE_V2_NAPOD6",729,815
4MaaE0m2z8Aflfz55Q0EUZ,Informatica,728,856
5mIJtwnDWJbfbUbalhOomb,"Deloitte Global Services Limited",726,853
3zQtvGNYleakz4Wl0vsBOI,"mkg_job_napod6",725,788
9QjSdubRmukkjb1Itcg14S,"CDMP-20549-A",724,709
aN9kcocFS2wi8pCftR73Uf,"EDM_DEV",724,228
3PwBo2GVOsXk6IdL5cpCGv,"IU_CDGC_Demoorg",699,323
3mIvPvU8iAwewGmtCbhjoO,"UNC Health Care System",699,832
cedGBr3YL6qgzpHuzjxCwZ,Informatica,698,657
jxhofBfVTAwe9FIkOxRlqa,Informatica,689,709
iDQOuWHyxWDhZRtVXxEaE1,"CDMP_TTT",683,652
3PymmQVWYRSgbLQ7VHWW2K,"CDGCA-Org1",680,333
hqvd9qh2p69jPbYYcpaN4b,"DOT_DQDG_Demo",680,"1,161"
1SI4TPC0cCCj8UE3z2e3gQ,"Informatica Cloud Data Governance & Catalog",676,140
41KihNoknj3kjgTxPJ4GOm,Informatica,676,571
hyhvH0W3C6Ykibvce9ztup,"Fidelity & Guaranty Life Business Services, Inc.",676,974
9iV9P2njA4UkaeYjY6PyYT,"infa_cust2",674,798
9BNk42bSUX0fqdBvBh2Jwk,"kfang_prodadmin-0",657,646
6p0Pn0A6ssNcsMBAE813iT,"Test Unity CDGC Workshop Pre-Tenant",647,961
4jmiLCFgifCeB9uKxWWuAU,"April-Dev-test",643,481
hNWuJ48cbyZjhrjol1IFMV,"Admin-DGC-1",643,508
g97OZmI5zCTkQpKZukK9g9,"Orix Corporation - Test",640,"1,080"
1IuQJe6EeR2cIDiwA5h7eD,Informatica,639,974
4gGosTCcUwojdgKMzEZ9WE,TAMU,639,620
9Tznl6VGZHAb3lWX7Mnc4W,MAINT,637,597
0A0uXsfuSQrjLKQnzFp68Z,"FLDS_Sandbox",634,"1,024"
20CGpFCtPoUckY7lPd11Iw,"cdgc02_pod2_aug30",631,413
0zkFidTEASTiJj4oSodv02,PCAOB,630,590
kBxs7c5xM6UizvDUg33mcg,"CDGC-April-Test2",630,572
5Qryt08xUztfnNeMm21D2u,"Blue Cross and Blue Shield of Kansas City",628,789
aeMfLnqWgWwf0wu7mwxiKe,"JCI-MDM-UAT",628,9
dxCHgcgkkmPkK24PgTPt0P,NSS,624,298
k3wGZGCTmcBgJGjDukHuo2,"Florida Department of Management Services",621,538
1GKW5QPF8NLeypKBrnFr6p,"Admin-DGC-5",619,501
62vYQSm9NjOcpq2SgDnFsb,"CDGC-ADMIN-STUDENT",617,181
6X9BN07Pj4vijEel9vPkaF,"IU_CDGC_20119_Suborg4",614,175
4v27GbXpRAIjjkPyuGyX2o,"20451_ADM_SORG2",613,153
6jsb0gLGLiGbAXdzLU4bGU,Informatica,609,"1,052"
6tyZiESfxIVhlpoZvZQ8EQ,"CDGC-September-Test",609,202
0BywSJWU06rfgXYC7xsYsN,"20451_ADM_SORG1",608,132
4V2jDyIrz6Ak9sOfkZ6Jc7,"Admin-DGC-4",608,474
6kcYmfiEDgdgMvpzJZXgYs,"IU_CDGC_20212_SubOrg4",606,410
aYCD0JfkSaeePRIfjNqJsQ,"Banco Nacional de Costa Rica",601,526
cmURWkN3gO6b9K8nIrYjkc,"MRAS-IDMIICS-COE-SBX",599,"1,876"
hyoT6WLi0AxixRdUaujnOd,"Seguros Pichincha",584,"1,097"
9fYHTxV2lBbhOJ6BUR9Leb,"Banco Guayaquil",583,651
djEFp2iHDg7lh4WPHtBzyP,"CDGC-20655-B1",581,575
5DIC12JJXYXgl52vVBRbmc,"CDGC-20659-C1",580,575
a59YMoJSYkejYSu5xeFV8T,Informatica,579,528
lmsyo4gJMeSeiGrkeazIue,"Admin-DGC-3",573,458
cT348a4ARkTiJLDiRJWUCY,Genworth,572,619
73hP6eOFJo5l7WGyKL8Pew,"IU_CDGC_20212_SubOrg2",566,406
1dAFYmA1Qfdc5PlNAl8yQx,"CDGC-20659-C2",565,533
1uKFpFJm5vTfczWxuUbLiM,"Informatica_L1",560,499
3rj4V1OyUYKgvLnr4UOU6l,Informatica,560,652
6UU902h9ajrdmncMoLAL80,Informatica,554,503
a450eMWFJVfkVToUPbvWCf,"CDGC-20170-1A",548,529
b96dgQ3ioAtce1itWujl25,"CDMP-20585-Instructor",548,521
1njAmE3PzAxfFdR3CksF8R,"Admin-DGC-6",546,427
9qakpUPF8qceHjtO4RsqOI,"Informatica Business Solutions PVT Ltd",545,814
4t1OFAJcHwJc2wDLjZQpuw,"CDGC-20170-1C",541,512
1xVcDl6f26TcnsqSh8Fxy5,"06_SubOrg",540,342
1aHrNW3DDrycrN7wHLFAax,"The Pennsylvania State University",536,642
0BMM8FshsCPjeJp4en72uo,"Admin-DGC-2",534,387
1BJmXlpmnkofTIbBMPHewQ,"CDGC-20869-C",531,369
jNU7NIJj9iAdhcoD83I1Sl,"Testing - Abhi",531,384
0AjDhFNIaireJIn7D8L8sO,"CDGC-April-Test1",530,267
5L2ZjVVBk0mbqjVzHSUIaK,"CDGC-20575-A",528,504
4J7GPqi3S5wfmTBOZbbEcR,Informatica,526,475
3PcEaQQ4Xa4e3fydnKYqGr,Informatica,525,660
lfmcv8WJFY1briPmT2DsYX,"Perficient Inc",523,347
e8QLhWN8lkWh0T3VxYtcc6,"InfoFlow (Pty) Ltd.",520,265
ijTlP0Sqf6kdjHdZrsMp2d,Informatica,515,493
9n9VCGZeB8cl0hLJCSaDc8,"IU_CDGC_20171_SubOrg4",512,342
cMZ4DT4WdMhe1ygPVS79o2,"RS02_V2_NAPOD4",511,235
j32H2r0fVsie4mNZrZvbyU,"CDGC-20170-1B",510,456
f2IHcFbmbGbfbojnzojdG6,"CDGC-20211-A",507,473
67DgjJvFNUSiUs7cj9jhsX,CareSource,505,412
7BByDCTNHZljDkabartZqw,"IU_CDGC_ 20867_SuborgDemo",505,371
1fkxomGeUL2bn8EAAqDMA9,Informatica,504,451
0dFEJuQR8hwjW1iY1wApao,Informatica,502,391
5XQ3ykHVu0jiYDBmEsbgwi,Informatica,502,416
9OMPDQc9Go5lqFaCy2mfa5,"CDGC-20484-E2",502,432
8j0Kf8MkaMiimlpHifUoCn,"cdgc_Abhi_QA",500,357
gtm2gBc7T0peRMnk7IhJ0G,Informatica,499,411
0eqH74MLtkmfx2g0QI8UCw,"Wells Fargo - WIM",494,389
aw5ZMJlqMHojast58pjTG0,"CDGC-20537-A",494,380
eDrLtkJKsgsfxCUygBMvSH,"CDGCA-Instructor",493,50
4xp5DurIln0eaGfM0pbD0s,"Informatica World",488,304
96bcSqq2hbDd1mrddAyu6K,GDS,487,691
57y7hVprAS8ihu7Q5y4KYm,"FLDS_Sandbox_2",485,463
6dlUW17deOgiPgf4TozUW5,"CDGC-20484-E4",485,403
0ZEv1Aq0kwYixrVZn5YOae,Informatica,484,401
0MC2iKLifJsbiQENVL9kCK,Informatica,483,390
2hut3DnPLIlfqyskDzAUWH,"Admin-DGC-7",482,337
6dL4I0hkZNpdTvRrRrpxcH,Informatica,482,439
9okDYF2MfGnfckTuxQSEKi,Informatica,482,581
1pf5EgXhLSqc6E7ehztX8F,"CDGC-Apr-1A",481,405
0K3zQLA9YePf6HuaHGS5eS,iLabsCDIOPI,480,667
27F5ZX6YAQjdoKRbwk5x4v,Informatica,480,381
89CxSYucRHSbY6n3xxWIQk,Updates,477,482
apsi2Hk8K4AkL2jbu7MN6S,JPMorganChase,475,467
8ZGuGUzRbmViQCsy6PJqmq,Development,474,413
2DAXaJ6PkmsghBlPStWpeH,"CDGC-20869-A",473,384
4VRY6vEitAOeBtFnDGBtcU,Informatica,473,431
9dPq4xkYhYogFEtJsE0lkb,"Informatica GCS Data Prep",472,295
eTvht81xtcUkld9pR5GCk1,Informatica,470,385
0tShcWzQvbtlwDOEW9naSi,Chevron,467,440
5pmwkwJKge7h8gIxuCj6eh,"December-Dev",467,359
1JG2YKrDG9DjtFyX8C9xS2,Integrationworx,462,280
0FZfFoB8wxahSYYgwpc3q9,Informatica,461,383
205c8PjbZAhjOKJMf5KoG8,"Admin-DGC-8",459,301
3pOAQp93fEkbhC9C59MXqZ,"SRI Maint",458,527
7pgj9qeasqik9xWlv8id0t,"CDGC-TTT-Participants",455,325
48tZEzKvRWAkbWEKXLNo2X,Informatica,451,503
aRFyUgrap52jFIhg5sqRwb,"CDGC-Apr-1B",446,337
cFjXTgc5bYwbBK3vMw6oCt,"Admin-DGC-15",445,315
g6ZXNRjZ1oslK2Jb83er4j,"Princeton University",445,250
2DkTCKv4kJtjzYahTsrtKO,"Admin_IW_gov_26",444,312
3LKzu9BDU0FfNIEwOeQcyy,"Admin_IW_gov_30",444,313
aAexTy65IAYjIwdElJYJGk,"CDGC-20484-E1",444,336
0qFDrifTFtpcUtp2jun9uO,"Admin_IW_gov_27",443,287
3w4TVRh4po4fnHgIItlIaR,"CDGC-20211-B",443,349
5VlNJYUzlA2b9KGWAZULYu,"Admin-DGC-20",443,312
lOJiiZGM54cgnorT96NiKf,"Admin-DGC-12",443,312
6Q43C7WU2mwgijXDYU81OY,"Admin-DGC-13",442,311
2TBdlvGDlSaigkFBEnR1gq,iLabsCDIOPI,441,542
eEHuV7thNSViMtkhGxCF0E,"Admin_IW_gov_29",441,286
1pofRlCYM7ohyCu7WBqDUD,"Org_iLabsEDC",440,518
5cIqjDExHxAjbOYNe2qVS2,"CDGC-20211-Instructor",440,276
9UsfxEyG51SiDhYQtytviz,"CDGC-Apr-1C",436,281
10M2vAvS5aOfDRvp08FLGD,"CDGC-20869-B",432,313
audJm8vbU4whjyPpghhg0M,"CDGC-Apr-2A",432,273
fYuDC3ASksok75PcFg24CI,"Admin-DGC-10",432,353
6AdkFVKieSDcOCNX8voLi3,"Admin-DGC-22",429,287
eb2R0a5YkqMicNiSuxQT8D,"Informatica-Sandbox",429,"1,434"
2SLmmcgQAgXlawfxYX45yT,"Admin-DGC-16",428,320
d5TNcRYsYWjj5DubMYSjIP,"Admin-DGC-14",428,294
3MKoYEOUOwFh9Iipqhv9u5,"Admin-DGC-21",425,312
5Xov2pAq5rgbNY28EzQwW7,"Admin-DGC-18",423,314
iCYwZO7jOqJjGxMuD11xGU,"Wipro Ltd",423,642
8zV2XsaBUCLckE21EHGOsH,"CDGC-20575-Instructors",422,287
ljt4yiF38G2kikIYI4kuIr,"CDMP-20549-B",422,397
9VK7X2CPvkqe61mfl1EJ4t,Informatica,421,450
dp5gj6YeSy8fgXeoweoUaQ,"Admin-DGC-19",421,313
6Sf0nIoMUIscvbu6XykNGq,"Admin-DGC-S9",420,260
4pdVgHochTWhwzaWhnI0CI,Informatica,419,444
7n1faYzZRABgCmcuPSrgsg,"CDGC-DS-23",418,258
6fBER8oDE4ze84treXzTII,"Admin_IW_gov_S29",417,249
kQqW9lmQuqjjRqeLLGTPAG,"mkg_job_napod1",417,"1,056"
5NffJboxjG9e6M9upHtp6k,"june23_mkg_job_napod2",415,431
23Y55MZ4RWodqzC4wZSraq,"Admin-DGC-11",413,303
2VmVtOMsfuqbPeMABUaDSl,"CDGC-Apr-2B",412,242
4EiwbHk5b3mjsvMpTxOsgS,"Informatica Business Solutions",412,248
6DMDzXYW7ORgUwFFTntBeq,"Admin_IW_gov_28",412,300
cm4R4KHnjoHiXBfG2h2O0E,"Custom Demo - Volvo",412,516
3DjZ15e8lXlcW2pVdhCKOn,"INFA-June-Test",411,232
aO3nS6yUzWTc6iXnrNekwT,"Admin_IW_gov_S27",411,243
agcKSfR8CiFbQ6HjQFwyW5,"CDGC-20277-D1",410,297
3LBrvp2GitidB5yGU57poW,"CDGC-April-QA",404,179
5KYkWfjUSHohmA9s12ks8p,"Admin-DGC-S22",404,235
boTVjjnUQszddWub19cf4d,"CDGC-20513-A",402,253
hP8auLAOsYHdWd7f8xTNOf,"IU_CDGC_20171_SubOrg5",401,183
4ve9SnuQedJew6en0SbH2i,"CDGC-20659-C3",400,230
5rh36K8f8WniRR6W2VX8qA,"American Airlines",397,401
93W99GWMg5njKHMhml3H0d,Informatica,394,461
fH9F9d2jpoFht0gLnFOOSS,"CDGC-20655-Instructor",394,235
5H5RDhocMUjffGrNXd2Tci,"CDGC-20513-B",393,266
6mjdtDLI7P4kT3PyyVQfOV,"CDGC-Mar1-Instructor",393,217
em7IxziM2CAk9iRffNxv28,"CDGC-20170-Instructor",392,228
kVa8F7mHCusjRmnj8tGTk7,"CDGC-Apr2-Instructor",391,193
9265FoRlC2GdARGNGlJMOS,Informatica,390,435
4VBnZ4BWTmgiaGDNuxW3Ya,"B & H Foto & Electronics Corp.",388,163
3bBb0kZFVD4hcD5afB3Pyg,Informatica,386,460
k7zjQZEVxsZfjeK8hjc1E1,"CDGC-20284-A",386,252
2aTpA6THLCfiHtD0Fr3Fg1,"Snowflake workshop",383,295
9JGFl0pJwywhBewXON38eX,"CDGC-20513-C",382,199
2JMb4BhC0Ttfx3GPBBD3On,"CDGC-20537-Instructors",380,239
1vzjdcXqITfdTERqgHoMU0,"CDGC-20526-Instructor",379,178
3bX3GjiTNWecfqQP9tMREn,Informatica,379,154
6BsbnjY6DSlb4f2wCF3E4u,iLabsCDIPod4,378,310
1bk3GoSQLbje23HnHm0DSx,"CDGC-20484-Instructor",377,187
2yKixvW9MtJi4mH75a3wwm,"IU_CDGC_ 20867_Suborg03",377,145
aJVDPpQRGtHfw9SLY9fWSf,"Informatica Business Solutions",375,211
jyWkujUaoayccxp4rt4L4t,"CDGC-20526-B",372,212
9aIFXg9eUf9d0x4pMAaNA7,"CDGC-20526-C",369,201
bfwtcnTneoUccZXVtlhQCN,"CDGC-20526-A",369,199
h2EJkcVgMA2jeFeJ1Wjk6l,DeleteMe,369,184
739hS7G9AgtkCWseNORwKH,Informatica,367,154
85PkATrf4IMgpr7zs2bbOX,"CDMP-20585-A",367,332
6GA8BQ07ufTfPxup6WkdCW,"ODIN2_V2_NAPOD5",364,422
cjuoVCHHlCcfTsq5UNb5in,HARPREET,363,262
9pbCJ7JOF24kvgh3zHsRwH,"CTI-HBS Demo",362,146
77pO6kYWR37bjlmJL6ClGD,"CDGC-20513-Instructor",361,164
7xQGzRDioSMeAiIpuFEx64,"Blue Cross & Blue Shield of Nebraska",361,200
8hjwWAESwRLbTlNGAMaeg1,Informatica,360,223
1X5MZ5lnKAMg5fuIacrfWJ,"CDGC-20277-Instructor",359,180
0sZ5ll7hoMYi8XbGg2po2f,"CDGC-20284-B",357,190
3YjVMBRZ3NCbVh6RZowgEt,Informatica,357,424
gUpGYSuggq2lcOjiLFkP6g,Accenture,356,186
4krZ26l6zyOgeJBBPj1fgD,"Informatica ha01",353,443
jAgjAc44FCOioIOWWsUsye,"PlatformQE_March27_NA6",353,9
f0FJGERzhEdfJ6VXpwL0cO,"CDGC-20277-D2",351,157
0gtXhMZcuHKhIzY1iJ9bsR,"Instructor-testing",349,151
Other,"ADT Security",0,0
Other,"Admin-DGC-9",0,0
Other,"American Airlines",0,0
Other,"Apple Inc - DEV",0,0
Other,"Apple Inc - IT",0,0
Other,"Apple Inc - PROD",0,0
Other,"Axalta Coating Systems, LLC",0,0
Other,"BCBSKC Production",0,0
Other,"Bank_POC",0,0
Other,"Boston Scientific Corporation",0,0
Other,"Brookdale Senior Living",0,0
Other,"Brookdale Senior Living Sub Org 1",0,0
Other,"CDGC SR - Lab-0",0,0
Other,"CDGC SR - Lab-0 - Manuel",0,0
Other,"CDGC-20537-Instructor",0,0
Other,"CDGC-Class1",0,0
Other,"CDGC-Class2",0,0
Other,"CDGC-Class3",0,0
Other,"CDGC-Class4",0,0
Other,"CDGC-May_Dev",0,0
Other,"Cardworks, L.P.",0,0
Other,"DFS - Department of Financial Services",0,0
Other,"Deloitte Global Services Limited",0,0
Other,"DiversiTech QA",0,0
Other,"E & I Coop Service Inc",0,0
Other,"EDC_Test",0,0
Other,"EMD Serono - Non Prod - PreProd",0,0
Other,"Encino Energy  LLC",0,0
Other,"FDC - Department of Corrections",0,0
Other,"First Midwest Bancorp Inc",0,0
Other,"Guidewire Software Inc",0,0
Other,"Habitat For Humanity International, Inc.",0,0
Other,"Health Plans PROD",0,0
Other,"Heartland Financial USA, Inc. - PROD",0,0
Other,"Hitachi Building Systems Co   Ltd",0,0
Other,"Hitachi Systems,Ltd",0,0
Other,"Honeywell International Inc.",0,0
Other,IDEA,0,0
Other,"IICS iPaaS",0,0
Other,"INFA_GCS_NAVEEDUR",0,0
Other,"INFA_JP_IPU_Metering_prod",0,0
Other,"INFORMATICA-LENIN",0,0
Other,"IU_CDGC_20212_SubOrg3",0,0
Other,"IU_IDMC_Overview_TTT",0,0
Other,"Infa Cloud Training",0,0
Other,"Infa GCS-USW3org",0,0
Other,"Informatica Japan KK",0,0
Other,"Instituto Nacional de Seguros",0,0
Other,"Inter-American Development Bank (inc)",0,0
Other,"JNJ_Pharma_Comm_NA_Dev",0,0
Other,"Jazz Pharmaceuticals Inc-Prod",0,0
Other,"Jazz Pharmaceuticals Inc-Val",0,0
Other,"Kemper Inc QA",0,0
Other,"MRAS-IDM-AMIG-DEV",0,0
Other,"MRAS-IDMIICS-MasterOrg",0,0
Other,"McKesson-DA_POC",0,0
Other,"MultiPlan, Inc.",0,0
Other,"NTTDATA KANSAI",0,0
Other,"PSCU Financial Services Inc",0,0
Other,"Paycor Inc",0,0
Other,"Piaui Org",0,0
Other,"Public Company Accounting Oversight Board",0,0
Other,"RWJBarnabas Health_Prod",0,0
Other,"SUBARU Sandbox",0,0
Other,"TECO-IDMC-DESA",0,0
Other,"TOYOTA FRANCE TEST",0,0
Other,"The Andover Companies LLC",0,0
Other,"The University of Texas M.D. Anderson Cancer Center",0,0
Other,"Training - Atra Informatica",0,0
Other,"United Parcel Service Oasis Supply Corporation",0,0
Other,"Unity CDGC Deep Dive 2023 - Prod 3",0,0
Other,"Vantage Services LLC",0,0
Other,WEXDev,0,0
Other,"Wells Fargo Bank, National Association",0,0
Other,"Western Alliance Bank",0,0
Other,"YMFUS-DEV",0,0
Other,informatica,0,0
Other,"june23_mkg_job_napod5",0,0
Other,"BSCI_PRD_UDP",1,0
Other,"Cox Enterprises, Inc. - Production",1,0
Other,"EDI-DEV",1,0
Other,Femsa,1,0
Other,IQVIA,1,0
Other,"Informatica Presales-0",1,0
Other,"RWJBarnabas Health_QA",1,0
Other,"SCSK-TEST",1,0
Other,"Yamaha Motor da Amazonia Ltda [QA]",1,0
Other,"[DEV] Indiana University Foundation, Inc.",1,0
Other,"AMA-IT Data Governance",2,0
Other,"Casal Org",2,1
Other,"BankUnited, Inc.",4,2
Other,"Informatica Business Solutions Pvt Ltd",5,2
Other,MasterOrg,6,0
Other,"PlatformQE_DEC05_NA1",6,0
Other,"qe_n1_dqhawk_us2",8,0
Other,"qe_n1_dqhawk_us3",8,0
Other,"qe_n1_dqhawk_us4",8,0
Other,"qe_n1_dqhawk_us5",8,0
Other,"qe_n1_dqhawk_us6",8,0
Other,"AIG PROD",10,9
Other,"ASP LLC-DEV",10,9
Other,"ASP LLC-UAT",10,9
Other,"Atkore International, Inc.",10,9
Other,"B  H Photo",10,9
Other,"Burton Snowboards",10,9
Other,"CAI_wave146",10,9
Other,"CDGC - Lab-ES",10,9
Other,"CDGC Source",10,9
Other,"CDGC-20484-E3",10,9
Other,"CDGC-20659-Instructor",10,9
Other,"CDGC-July-QA",10,9
Other,"CES-Sandbox",10,9
Other,"Caja de Ahorros",10,9
Other,"Carter's, Inc.",10,9
Other,CatasysPROD,10,9
Other,"Claro S/A - Engenharia - Sandbox",10,9
Other,"Community Bank System, Inc.",10,9
Other,"Cree LED, Inc.- Production",10,9
Other,"DE - CDGC - Cert - Dev2",10,9
Other,"DE CDGC SIM",10,9
Other,"DFS - Florida Department of Financial Services",10,9
Other,"Data_Dev_SubOrg",10,9
Other,"Disan Colombia S.A.S.",10,9
Other,"Ergon_Prod",10,9
Other,"FDBL-Prod",10,9
Other,"Florida Cancer Specialists & Research Institute, LLC",10,9
Other,"Florida Department of Transportation",10,9
Other,"God's Pantry Food Bank",10,9
Other,"HITACHI BUILDING SYSTEMS CO  LTD",10,9
Other,"HSMV - Department of Highway Safety and Motor Vehicles",10,9
Other,"Holiday Inn Club Vacations Incorporated",10,9
Other,"IDMC-CDGC-ADMIN-INS",10,9
Other,"IDPH DEV",10,9
Other,"IICS-Acc",10,9
Other,"IICS-Prd",10,9
Other,"INFA CDGC PM-0",10,9
Other,"IU_CDGC_20171_SubOrg1",10,9
Other,"IU_CDGC_20586_SubOrg1",10,9
Other,"IU_CDGC_20586_SubOrg2",10,9
Other,"IU_CDGC_20586_SubOrg3",10,9
Other,"IU_CDGC_20586_SubOrg4",10,9
Other,IVANTI,10,9
Other,"Infa NA2",10,9
Other,Ivanti,10,9
Other,"Ivanti, Inc. - QA",10,9
Other,"JCI-MDM-UAT2",10,9
Other,"JHBP Inc- Development System (cpOPRtjKkollCZ93vrDPqu)",10,9
Other,"Johnson & Johnson Services, Inc.",10,9
Other,"Kellogg Brown & Root LLC",10,9
Other,"Levi Strauss & Co.",10,9
Other,"Massachusetts Executive Office of Labor and Workforce Development Non-Prod",10,9
Other,"Metering Demo PM",10,9
Other,"Milton's Distributing Co., Inc.",10,9
Other,"Momentum Technologies INC",10,9
Other,"NAU - ITS - Production",10,9
Other,"Paradigm Technology",10,9
Other,Parklad,10,9
Other,Petroperu,10,9
Other,"Plante Moran_NYCHH",10,9
Other,"PlatforQE_28June_NA1",10,9
Other,"PlatforQE_28June_NA2",10,9
Other,"PlatforQE_28June_NA2_depro",10,9
Other,"PlatforQE_28June_NA3_depro",10,9
Other,"PlatforQE_28June_NA5",10,9
Other,"PlatforQE_28June_NA5_depro",10,9
Other,"PlatforQE_28June_NA6_depro",10,9
Other,"PlatformQE_DEC05_NA2",10,9
Other,"Platform_qe_28July23_NA1",10,9
Other,"Princess Cruise Lines, Ltd.",10,9
Other,"RLI Insurance Company",10,9
Other,"Regional Management Corp.",10,9
Other,"SCSK co.,ltd.",10,9
Other,"SMB_IDMC_NonProd_Dev",10,9
Other,"Scanner_US_POD3_Jan",10,9
Other,"Scanner_US_POD3_Mar",10,9
Other,"Scanner_US_POD4_Mar",10,9
Other,"Scanner_US_POD6_Mar",10,9
Other,"Scanners_ZDT_NA",10,9
Other,"Scanners_pod1_QE2",10,9
Other,SendGrid,10,9
Other,"Sociedade Beneficente Israelita Brasileira Hospital Albert Einstein",10,9
Other,"State of Colorado",10,9
Other,"TAH Operations LLC",10,9
Other,"Test group",10,9
Other,"Texas Secretary of State",10,9
Other,"The Prudential Insurance Company of America - PROD",10,9
Other,"The Redsea Group",10,9
Other,"Toyo Business Engineering Corporation",10,9
Other,"Unity CDGC Deep Dive 2023 - Prod 8",10,9
Other,"VIVEK_ORG",10,9
Other,"Vivek Org",10,9
Other,"WEX Inc.",10,9
Other,WEXstage,10,9
Other,"ZS Associates QA",10,9
Other,ZeroError,10,9
Other,"qe_n1_dqhawk_us1",10,9
Other,Altria,11,9
Other,"Capital BlueCross",11,9
Other,DataSpurs,11,9
Other,"RBC Capital Markets, LLC",11,9
Other,Solar,11,6
Other,"Banco Davivienda",12,10
Other,"Claro S/A - Engenharia",12,10
Other,"Grupo Sotreq PRD",12,10
Other,"MasterCard Incorporated",12,9
Other,"Memorial Sloan-Kettering Cancer Center",12,9
Other,"PlatformQE_May_NA4",12,9
Other,"cdmpqe_uspod_nminus1",12,9
Other,"Conns Home Plus",13,10
Other,"FDLE - Florida Department of Law Enforcement",13,10
Other,"Harbor Freight Tools USA, Inc.",13,10
Other,Infa,13,10
Other,"PlatforQE_28June_NA4",13,9
Other,"Demo Wrapper Production",15,9
Other,"Wycliffe Bible Translators Dev",15,13
Other,"FDEP - Florida Department of Environmental Protection",17,12
Other,"PlatformQE_May_NA2",17,9
Other,"PlatformQE_May_NA5",17,9
Other,"*** PRD *** KPMG",18,9
Other,"3M Company",18,9
Other,"ABC-Pharma-UAT",18,9
Other,"ADT IICS CX Dev",18,9
Other,"ADT IICS EIM Test",18,9
Other,"ADT IICS Enterprise",18,9
Other,"ARMC GCS ISC DEI",18,9
Other,ASEAN,18,9
Other,"Admin-DGC-23",18,9
Other,"Admin-DGC-24",18,9
Other,"Admin-DGC-S16",18,9
Other,"Admin-DGC-S17",18,9
Other,"Admin-DGC-S18",18,9
Other,"Admin-DGC-S19",18,9
Other,"Admin-DGC-S20",18,9
Other,"Admin-DGC-S8",18,9
Other,"Admin_IW_gov_16",18,9
Other,"Admin_IW_gov_17",18,9
Other,"Admin_IW_gov_18",18,9
Other,"Admin_IW_gov_19",18,9
Other,"Admin_IW_gov_20",18,9
Other,"Admin_IW_gov_21",18,9
Other,"Admin_IW_gov_22",18,9
Other,"Admin_IW_gov_23",18,9
Other,"Admin_IW_gov_24",18,9
Other,Administrator,18,9
Other,Alcority,18,9
Other,"Alcority_DEV",18,9
Other,Alight,18,9
Other,"Allspring Global Investments Holdings, LLC",18,9
Other,"American Well Corporation - Development",18,9
Other,"Ameriprise - C1",18,9
Other,"Ameriprise - C2",18,9
Other,"Ameriprise - C3",18,9
Other,Amtrak,18,9
Other,"BI_Scanners_US3",18,9
Other,"BI_Scanners_US5",18,9
Other,"BI_Scanners_US6",18,9
Other,"BMC Software, Inc.",18,9
Other,"Bausch Health - RemainCo Dev",18,9
Other,"Bausch Health - RemainCo Production",18,9
Other,"Bawanti Infa DEV",18,9
Other,"Beta Plus Technologies, Inc.",18,9
Other,"Bhim's Org",18,9
Other,"BlackRock AWS",18,9
Other,"C360GA Customer Trials",18,9
Other,"CDGC - Lab - JJ - 0",18,9
Other,"CDGC - Lab - PK-0",18,9
Other,"CDGC - Lab - PK-Ordonez",18,9
Other,"CDGC - Lab-NI_org",18,9
Other,"CDGC - ORG",18,9
Other,"CDGC Insurance Demo v1",18,9
Other,"CDGC- Sub-sommers",18,9
Other,"CDGC-ILT",18,9
Other,"CDGC-Org",18,9
Other,"CDGC-TTT-Aparna",18,9
Other,"CDGC_ACE",18,9
Other,"CDP_SubOrg_Mauricio",18,9
Other,CMDR,18,9
Other,"CMU Production",18,9
Other,"CNA - CUT",18,9
Other,"CS Training for CDMP",18,9
Other,"CSA_SUB_Org_sandbox",18,9
Other,"CSM Org Sandbox",18,9
Other,CTINFACOGS,18,9
Other,"California Coast Credit Union",18,9
Other,"Canadian Pacific Railway Company",18,9
Other,"CareMore Health Plan Inc",18,9
Other,"CareMore Health Systems",18,9
Other,"Charlie Health",18,9
Other,Chevron,18,9
Other,"Chubb UAT",18,9
Other,"Citizens Telecom Services Company L.L.C. d/b/a Frontier Communications",18,9
Other,"Claro Solar PRD",18,9
Other,"Claro_Homologacao_bi",18,9
Other,"Client_1",18,9
Other,"Comerica Bank",18,9
Other,"Concord Dev",18,9
Other,"Cox Enterprises, Inc.",18,9
Other,"Cox Enterprises, Inc. - QA",18,9
Other,"Cross Insurance Agency QA",18,9
Other,"Cross Insurance Prod",18,9
Other,"DCP Midstream, LLC",18,9
Other,DGS,18,9
Other,"DG_Demo_Sandbox",18,9
Other,"DHCS CAMMIS - Dev West",18,9
Other,DOTGroup,18,9
Other,"DOT_CDGC - Org",18,9
Other,"DTS Commercial Technology (Production Org)",18,9
Other,"Daiichi Sankyo, Inc.",18,9
Other,"Dallas/Fort Worth International Airport",18,9
Other,"Darden Restaurants, Inc",18,9
Other,"Demo Environment",18,9
Other,"Development - CPR-0",18,9
Other,"Disablewalkme_sid_automation",18,9
Other,DoITT,18,9
Other,"Doitt QA",18,9
Other,"Doitt Staging",18,9
Other,"EDO_DEV",18,9
Other,"EMD Serono - Non Prod",18,9
Other,"EXC_DEV",18,9
Other,"Eagle Quest International, Ltd.",18,9
Other,"Eaton Corporation-Lab",18,9
Other,"Editas Medicine, Inc.",18,9
Other,"Element Solutions Inc.",18,9
Other,Emblem,18,9
Other,EnterpriseArchitecture,18,9
Other,"Ergon_Dev",18,9
Other,FACS,18,9
Other,"FDBL-QA",18,9
Other,"FDNY-TEST",18,9
Other,"FLDS_SB",18,9
Other,"FLDS_Sandbox2",18,9
Other,"Finance - C2",18,9
Other,"Finance-C3",18,9
Other,"Flexsteel Industries Inc Production",18,9
Other,"Frederick Health, Inc.",18,9
Other,"Furukawa - DEV/QA",18,9
Other,"GCS PC2IICS org",18,9
Other,"GCS_Nith",18,9
Other,"GLOBE_IICS_DEV_ACTUARIAL",18,9
Other,"GLOBE_IICS_PROD",18,9
Other,"GLOBE_IICS_PROD_ACTUARIAL",18,9
Other,"GLOBE_IICS_QA",18,9
Other,"GLOBE_IICS_SIT",18,9
Other,"GLOBE_IICS_STAGE_ACTUARIAL",18,9
Other,"GLOBE_IICS_TEST_ACTUARIAL",18,9
Other,"GTT Communications Inc.",18,9
Other,"Gateway Health LLC",18,9
Other,"Gati Consultores LATAM",18,9
Other,"Genmab US Inc. Development",18,9
Other,"Genuine Parts Company",18,9
Other,"Georgia Department of Community Health",18,9
Other,"Giant Eagle, Inc.",18,9
Other,"Gilead Sciences, Inc.",18,9
Other,"Golden 1 Credit Union",18,9
Other,"Great American Insurance Company",18,9
Other,"Grupo Rotoplas Sab",18,9
Other,"Habitat for Humanity International",18,9
Other,"Hartford Fire Insurance Company",18,9
Other,"Horne LLP-ScoreCardTest",18,9
Other,"Huron Training",18,9
Other,HuronDev,18,9
Other,"IICS_201_DevOrg",18,9
Other,"IICS_210_DevOrg",18,9
Other,"IICS_212_DevOrg",18,9
Other,"IICS_213_DevOrg",18,9
Other,"IICS_215_DevOrg",18,9
Other,INCAE,18,9
Other,INFA,18,9
Other,"INFA_JP_IPU_Metering_prod-CDGC",18,9
Other,"IPS - CDGC - Internal",18,9
Other,"IPS Wave for CDGC - 2-0",18,9
Other,"IU_CDGC_20119_Suborg1",18,9
Other,"IU_CDGC_20119_Suborg2",18,9
Other,"IU_CDGC_20119_Suborg3",18,9
Other,"IU_CDGC_20119_Suborg4",18,9
Other,"IU_CDGC_Demoorg",18,9
Other,"Indiana Management Performance Hub-3",18,9
Other,"Informatica Business Solution PV",18,9
Other,"Informatica Business Solutions",18,9
Other,"Informatica CDGC PMs",18,9
Other,"Informatica Cloud Master org for EMEA and LATAM Partners",18,9
Other,"Informatica DataOps PS Org-0",18,9
Other,"Informatica LLC",18,9
Other,"Informatica UX Suborg 1",18,9
Other,"Informatica UX Suborg 2",18,9
Other,"Informatica-ABRISTOW",18,9
Other,"Informatica-LATAM_SubOrg",18,9
Other,InformaticaPOC,18,9
Other,"Information Asset LLC",18,9
Other,"Intact Financial Corporation",18,9
Other,"Integral Solutions",18,9
Other,"Ipsen Biopharmaceuticals, Inc.",18,9
Other,Jacobs,18,9
Other,"Japan SCs",18,9
Other,"KAO USA Inc.",18,9
Other,"KPMG LLP",18,9
Other,"Kaiser Foundation Health Plan - TEST",18,9
Other,"Kansas State University - Test",18,9
Other,"Kinaxis Inc - Prod",18,9
Other,"LPL Financial - IDMC DEV",18,9
Other,"Leukemia and Lymphoma Society",18,9
Other,"MDM - Innovation Hub",18,9
Other,"MDMSaaS_BallCorp_POC",18,9
Other,"MEC - EDS Extreme",18,9
Other,"MGB Prod",18,9
Other,"MKS Instruments, Inc.",18,9
Other,"MRAS-IDMIICS-MasterOrg-NonProd",18,9
Other,"MVWC_DEV",18,9
Other,"Mass General Brigham Incorporated - Master",18,9
Other,MassHealth,18,9
Other,"Massachusets Executive Office of Labor and Workforce Development",18,9
Other,McKesson,18,9
Other,"MitchB Parent Org",18,9
Other,"Mohegan Sun_ Dev",18,9
Other,"Mohegan Sun_Prod",18,9
Other,"Molina Healthcare Inc",18,9
Other,"Montefiore Medicine - DEV and QA",18,9
Other,"Moss & Associates, LLC",18,9
Other,NAScanRegion1,18,9
Other,"NWEA Sandbox",18,9
Other,"NYL - Model",18,9
Other,"Navneet Gupta",18,9
Other,"New Informatica",18,9
Other,"New York City Department of Information Technology & Telecommunications",18,9
Other,"Nice Software Solutions",18,9
Other,Novamex,18,9
Other,"OhioHealth Corporation - Prod",18,9
Other,"Oil and Gas - OSDU",18,9
Other,"Old Dominion University",18,9
Other,"P360_June_P360Role_usw3",18,9
Other,"P360_June_P360Roles_use4",18,9
Other,"PATRICK TEST 2022-12-20",18,9
Other,"PC2IDMC Workshop",18,9
Other,"PROD - Life Science Demo",18,9
Other,"PROD EMC IICS",18,9
Other,"Patrick Test",18,9
Other,"Patrick Test Publish Steve Hill Metamodel",18,9
Other,"Paycor Inc - DEV",18,9
Other,"Pegasus_RDM_Pod3",18,9
Other,"PepsiCo  QA",18,9
Other,"Perficient_Consumer",18,9
Other,"PlatformQE_APR25_NA_1",18,9
Other,"PlatformQE_APR25_NA_10",18,9
Other,"PlatformQE_APR25_NA_2",18,9
Other,"PlatformQE_APR25_NA_3",18,9
Other,"PlatformQE_APR25_NA_5",18,9
Other,"PlatformQE_APR25_NA_6",18,9
Other,"PlatformQE_APR25_NA_7",18,9
Other,"PlatformQE_APR25_NA_8",18,9
Other,"PlatformQE_APR25_NA_9",18,9
Other,"Point32Health-FQA",18,9
Other,"Point32Health-PROD",18,9
Other,"Point32Health-QA",18,9
Other,"Presales Demos",18,9
Other,Protiviti,18,9
Other,"Public Sector - Main Org",18,9
Other,QEMKGApril28USPOD5,18,9
Other,"Repairify - DEV",18,9
Other,"Repairify - QA",18,9
Other,"Sabre GLBL Inc.",18,9
Other,"Sandbox - Community Bank System, Inc.",18,9
Other,"Scanners3_V2_NAPOD4-2",18,9
Other,"Scanners4_V2_NAPOD2",18,9
Other,"Scanners4_V2_NAPOD3",18,9
Other,"Scanners4_V2_NAPOD5",18,9
Other,"Secureworks, DD_Plt",18,9
Other,"Secureworks, EBI_dev",18,9
Other,"Secureworks, Shared_dev",18,9
Other,Self,18,9
Other,"Service Express Inc",18,9
Other,"Silver Lake Technology Management L.L.C.-Dev",18,9
Other,"Sirius Computer Solutions-demo",18,9
Other,Slalom,18,9
Other,"Sterling Jewelers Inc-DEV5",18,9
Other,"SunilSA_SubOrg",18,9
Other,"Sweeping Corporation of America",18,9
Other,"Swiss Re",18,9
Other,"TEST - LANZ",18,9
Other,"TEST-CCI",18,9
Other,"TST EMC IICS",18,9
Other,"Taugan Brazil",18,9
Other,"TaylorMade Dev",18,9
Other,"Test Suborg #1",18,9
Other,"The Burton Company",18,9
Other,"The GPT Group",18,9
Other,"The Pennsylvania State University",18,9
Other,"TradeStation Technologies",18,9
Other,"Travel N Leisure",18,9
Other,"Trend Micro",18,9
Other,"Trend Micro Incorporated",18,9
Other,"Trend Micro co.",18,9
Other,"Tres Coracoes",18,9
Other,"UAT EMC IICS",18,9
Other,"UAT-CCI",18,9
Other,"UCF MAIN",18,9
Other,"UNC, Chapel Hill - SPT Environment",18,9
Other,"US Naval Academy",18,9
Other,"USAA Real Estate Company",18,9
Other,"United Nations System Staff College",18,9
Other,"Unity CDGC Healthcare Demo v1",18,9
Other,"Unity Global Demo Environment - APAC",18,9
Other,"University of San Francisco",18,9
Other,"University of San Francisco DEVELOPMENT",18,9
Other,"VR Beneficios",18,9
Other,"Vantage Services, LLC",18,9
Other,"Vertex Pharmaceuticals Inc - Production",18,9
Other,"Vertex Pharmaceuticals Inc - Validation",18,9
Other,"Virginia Credit Union Inc",18,9
Other,"Vital Farms",18,9
Other,"WC_DEMO",18,9
Other,"WC_DEMO_SUBORG",18,9
Other,"WC_Demo",18,9
Other,"WI DOT - Roadway",18,9
Other,"WI DOT - Workforce",18,9
Other,"Wellington-Altus Private Wealth Inc.",18,9
Other,"Wesco Distribution Inc - QA",18,9
Other,"Wesleyan University",18,9
Other,"Woita Sandbox",18,9
Other,"XPO Sandbox",18,9
Other,"Yamaha Motor da Amazonia Ltda.",18,9
Other,"ZS Associates Production",18,9
Other,"ZS Associates-78-SaaS",18,9
Other,asTech,18,9
Other,"iics-so002-d",18,9
Other,"pkb-sub-org-01",18,9
Other,"platform_na1_qe_25Jan_01",18,9
Other,"platform_na2_qe_25Jan_02",18,9
Other,"qetenant_dqhawk_us2",18,9
Other,"qetenant_dqhawk_us3",18,9
Other,"qetenant_dqhawk_us4",18,9
Other,"qetenant_dqhawk_us5",18,9
Other,"qetenant_dqhawk_us6",18,9
Other,"qetenant_hawkv1_r37pod1",18,9
Other,"qetenant_hawkv1_r37pod2",18,9
Other,"qetenant_hawkv1_r37pod3",18,9
Other,"qetenant_hawkv1_r37pod4",18,9
Other,"qetenant_hawkv1_r37pod6_1",18,9
Other,"retail reinvented",18,9
Other,"rsabouri_suborg",18,9
Other,"test-deploy",18,9
Other,"Altron Finance Ltd",19,14
Other,"CDGC - Org",19,9
Other,"Chumash Casino Resort",19,9
Other,"City National Corporation",19,9
Other,Development,19,9
Other,"FDNY-DEV",19,9
Other,"GSS_DEV",19,9
Other,"Horizon Media, Inc.",19,30
Other,"IPS-IDC-CDGC",19,9
Other,"Informatica - Angela-TestNew",19,9
Other,"Informatica-CDQ_CDGC_Hackathon",19,9
Other,"JHBP Inc- QA System (2WzPN8QnDYOfY3fI5BBLog)",19,9
Other,"JitiSoft Inc.-Development",19,9
Other,"MGB PreProd",19,9
Other,"Novamex PROD",19,9
Other,"ODS ETL Dev",19,10
Other,PROD,19,9
Other,"PlatformQE_May_NA6",19,9
Other,"Scanners3_V2_NAPOD5-1",19,9
Other,"TE Connectivity",19,13
Other,"Wyndham Destinations",19,9
Other,qa,19,9
Other,"qetenant_dqhawk_us1",19,9
Other,"Amazon.com Inc",20,10
Other,"CDGC-INS",20,9
Other,"Capital Bank of Jordan",20,10
Other,"DEV-CCI",20,10
Other,"Dev-0",20,9
Other,"INFAEAST_DEV",20,10
Other,"Informatica-mguyer-test",20,10
Other,InformaticaDemos,20,10
Other,"Informatica_SC",20,10
Other,Infoverity,20,10
Other,"Jared Daum",20,9
Other,"MPH-Test",20,9
Other,McDonalds,20,10
Other,"NA4_Profiling_N-1Tenant",20,19
Other,"NSI (DEV)",20,10
Other,"PlatformQE_DEC05_NA02",20,9
Other,"PlatformQE_DEC05_NA4",20,9
Other,"PlatformQE_FEB27_NA1",20,9
Other,QEMKGApril28USPOD6,20,9
Other,"SIT_Sandbox",20,18
Other,"The Hillman Companies Inc.",20,9
Other,"Trustees of The Estate of Bernice Pauahi Bishop dba Kamehameha Schools",20,18
Other,"Unity CDGC Sandbox",20,10
Other,"BPA-Development",21,12
Other,"Carl Karcher Enterprises Inc",21,9
Other,GRM,21,9
Other,Intel,21,11
Other,"PreSales Enablement",21,10
Other,QEMKGApril28USPOD4,21,9
Other,"RRX Development",21,9
Other,"Towson University DEV1",21,10
Other,suborg,21,11
Other,"CTI-HealthCare",22,11
Other,"Coleridge Initiative",22,14
Other,"IPSNAJediEnvironment-Sandbox",22,12
Other,"NA PreSales Operations",22,"1,383"
Other,"POD3_qehawk_3006",22,11
Other,"PS Team - SubOrganization",22,12
Other,"PlatformQE_APR29_NA2",22,9
Other,"PlatformQE_APR29_NA3",22,9
Other,"PlatformQE_APR29_NA4",22,9
Other,"PlatformQE_APR29_NA5",22,9
Other,"PlatformQE_DEC05_NA3",22,9
Other,"PlatformQE_DEC05_NA5",22,9
Other,"PlatformQE_FEB27_NA2",22,9
Other,"PlatformQE_FEB27_NA3",22,9
Other,"PlatformQE_FEB27_NA6",22,9
Other,"PlatformQE_March27_NA3",22,9
Other,"PlatformQE_March27_NA4",22,9
Other,"PlatformQE_May_NA3",22,9
Other,"Point 72",22,12
Other,"The Church of Jesus Christ of Latter-Day Saints",22,19
Other,"platform_na6_qe_25Jan",22,9
Other,"Morgan, Lewis & Bockius LLP",23,12
Other,"CDGC - Lab - SubKMO",24,9
Other,"CP_New_QA1",24,10
Other,"Informatica - Angela-Suborg",24,10
Other,"PlatformQE_FEB27_NA5",24,9
Other,"PlatformQE_March27_NA2",24,9
Other,"PlatformQE_March27_NA5",24,9
Other,"Securian Financial",24,13
Other,"platform_na2_qe_25Jan",24,9
Other,"platform_na3_qe_25Jan",24,9
Other,"platform_na4_qe_25Jan",24,9
Other,"Apple Inc - TEST",25,11
Other,FDEP,25,14
Other,"GLOBE_IICS_DEV",25,12
Other,"Japan GCS",25,10
Other,"PlatformQE_APR29_NA6",25,9
Other,"CDGC-bulkupload-test",26,16
Other,"Great American Insurance Group",26,18
Other,"HellermannTyton Corporation",26,16
Other,"PlatformQE_March27_NA1",26,9
Other,"CBOJ_DEVJO",27,17
Other,"Generate Biomedicines, Inc.",27,16
Other,"National Grid-PROD",27,9
Other,"POD3_qehawk_0407",27,13
Other,"Valley Medical Center",27,17
Other,"Michael Kors USA Inc - Development",28,18
Other,"POD4_qehawk_0407",28,13
Other,"CDGC - Lab-0_se",29,18
Other,"CDGC-ADMIN-INSTRUCTOR",29,16
Other,"Carfax Alpha",30,19
Other,"GCS_IICS_TEST",30,9
Other,"POD5_qehawk_0407",30,13
Other,"CMU Development",31,20
Other,"na2_platform_qe_0901",31,13
Other,"na3_platform_qe_0901",31,13
Other,"na4_platform_qe_0901",31,13
Other,"na5_platform_qe_0901",31,13
Other,"na6_platform_qe_0901",31,13
Other,"TX RRC_Dev",32,20
Other,"na1_platform_qe_0901",33,15
Other,"LPL Financial LLC",34,32
Other,Accenture,35,9
Other,"Indiana Management Performance Hub-02",35,21
Other,"nVent Management Company",35,16
Other,"EU POC",36,26
Other,"Informatica-DSutka",36,15
Other,"EMD Serono - Non Prod  - DEV",38,23
Other,PartnerBO,39,24
Other,"Regeneron Pharmaceuticals Inc.",39,28
Other,"Simetric LLC UAE",39,26
Other,CDQ00,40,20
Other,DEV,40,24
Other,"IICS-Ajay Pandeya-cdgc-ins",40,35
Other,"Alejandro Demo Sub Org",41,30
Other,"CDGC-20526-A",42,9
Other,"mkg_job_napod3_metering",42,26
Other,"pkasat_org",42,40
Other,"UAT - American Equity",43,9
Other,"Huron Main",44,44
Other,cdq20338,45,31
Other,"ace-demo-sb",47,9
Other,"Ergotron DEV",49,39
Other,"PepsiCo DEV",49,24
Other,"MGB Dev",53,31
Other,"PlatformQE_May_NA1",54,9
Other,Deloitte,57,15
Other,"Informatica Business Solutions PVT Ltd",61,30
Other,"Public Company Accounting Oversight Board-0",61,59
Other,"CDGC-May-QA",62,9
Other,"IICS USW3 GCS Prashanth",62,56
Other,"Informatica Cloud",62,52
Other,"Leidos Dev Org",62,68
Other,"DTS Commercial Technology (Development Org)",63,18
Other,"INFA_JP_as_sandbox",63,60
Other,"Public Sector - Civilian",65,62
Other,"Finance-C1",67,63
Other,"QEProfilingApril23US4_Sub01",69,68
Other,"Telecomm Demo",70,67
Other,"DQQA_R33USEPOD4_USER1",73,42
Other,"CDGC-Admin-April",76,101
Other,"Informatica UX",82,59
Other,"Marsh LLC",83,87
Other,"BlueKC Non Prod",84,42
Other,"General Motors Financial Company, Inc.",85,62
Other,"PlatformQE_DEC05_NA6",85,9
Other,"The Broad Institute Test",85,97
Other,"INFA_Verticals",89,45
Other,"AgFirst_IICS_DI-DEV",92,52
Other,"Informatica - Angela",93,50
Other,"KPMG Validate Test",97,28
Other,"SouthState Bank",99,82
Other,"Informatica_regen2",100,9
Other,"Banco de Loja",101,92
Other,Informatica,104,9
Other,"iics-mo001-d",104,9
Other,"Washington State Office of Financial Management",110,19
Other,Sandbox,111,140
Other,"Basin Electric Power Cooperative",124,127
Other,"informatica_df03",124,9
Other,"ICD10_May_NAPOD1",126,116
Other,"CDQ_Workshop",127,60
Other,"HACK-DQR",128,96
Other,"ICD2_May_NAPOD2",133,123
Other,"NYL - Dev",137,93
Other,"ICD1_May_NAPOD2",140,128
Other,"ICD1_May_NAPOD1",141,127
Other,Movistar,142,116
Other,"Scanners_pod1_QE1",142,131
Other,"Informatica_MDA",146,9
Other,"UNC Health Care System",146,9
Other,"Admin_IW_gov_25",148,148
Other,"IICS-Ajay Pandeya",148,98
Other,"ICD3_May_NAPOD1",149,138
Other,"ICD6_May_NAPOD1",150,139
Other,"CDMP-20585-B",154,139
Other,"CDMP-20585-C",154,139
Other,"Summa Health",154,146
Other,"Omron Electronic Components LLC",157,94
Other,"Reitmans Canada Ltd",157,297
Other,"Azure workshop",158,164
Other,"ABC-Pharma",164,188
Other,"ctc_dev-0",165,195
Other,"Msi Ecs Phils Inc",167,207
Other,"PlatformQE_FEB27_NA4",177,174
Other,"PlatformQE_APR29_NA1",180,205
Other,QEMKGApril28USPOD3,185,50
Other,"CDGC-Workshop-Pre-Husqvarna",195,9
Other,"UCF DEV",196,327
Other,"CDGC-Instructor-Bert",198,9
Other,"Sallie Mae Bank",201,199
Other,"Informatica_AT",205,49
Other,"Everis Spain Slu",206,296
Other,"Informatica Corporation",210,198
Other,"ICD7_May_NAPOD1",212,199
Other,"IICS_DG_PROD",216,0
Other,"IU_CDGC_20205_Suborg02",220,0
Other,"Rice University",225,210
Other,"Cruzeiro do Sul - DEV/QA",226,9
Other,PSI,227,9
Other,"Liberty Mutual Insurance Company",232,"3,619"
Other,"State Farm",233,9
Other,"Texas Health Resources",233,9
Other,"VO_DEV",233,9
Other,"qetenant_hawkv1_r37pod5",234,9
Other,"HPP_INF_DEV",235,9
Other,"INFA CDGC PM-Dev",235,9
Other,"Informatica-GCS-USE4-prod",239,346
Other,"infa_cust1",240,9
Other,"Amylyx Pharmaceuticals, Inc.",243,18
Other,"Truist Dev",243,9
Other,"Trend Micro-Global-RD",244,234
Other,"Informatica ",245,18
Other,"Informatica.com",245,17
Other,"Informatica - Strategic",252,21
Other,ORIX,256,27
Other,"Tenbu Brazil",258,293
Other,"AWM-Sandbox",262,36
Other,"Rice University-QA",267,254
Other,AARP,271,161
Other,"Quest Diagnostics - Sandbox - Data Governance",273,100
Other,"CDGC-MarchTest-Group1",280,9
Other,QA,283,261
Other,Globant,285,242
Other,"CDGC - Adv Topic - 1",286,82
Other,"CDMP-20549-C",287,267
Other,"Accenture_CDG_Dev",303,65
Other,"Informatica_GCS_internal_ISCAdaptors",306,31
Other,"CDGC-20284-C",313,115
Other,"CDGC-20284-Instructor",313,115
Other,"CDGC-20537-B",313,115
Other,"CDGC-20537-C",313,115
Other,"CDGC-20869-Instructor",314,116
Other,"CDGC-20211-C",315,115
Other,"Gilead-sandbox",321,279
Other,"CDGC-20575-B",323,124
Other,"CDGC-20575-C",323,124
Other,"CDGC-20655-B2",324,124
Other,"CDGC-20655-B3",324,124
Other,"State of Wisconsin Investment Board",324,287
Other,"CDGC-20277-D3",327,127
Other,"CDGC-Workshop-Pre-Partner",327,157
Other,"Highmark Wholecare DEV",329,301
Other,"CDGC-Saint-Gobain-OP1143667-pre-tenant",331,406
Other,"CDGC-Apr-2C",332,124
Other,"CDGC-20659-Instructors",341,141
Other,"Blue Cross Blue Shield of Nebraska",344,170
Other,"Admin-DGC-17",345,145
Other,"Discovery_V2_US_POD6_1",348,896
